-- phpMyAdmin SQL Dump
-- version 5.2.1
-- https://www.phpmyadmin.net/
--
-- Servidor: 127.0.0.1
-- Tiempo de generación: 05-07-2024 a las 00:21:37
-- Versión del servidor: 8.0.30
-- Versión de PHP: 8.2.4

SET SQL_MODE = "NO_AUTO_VALUE_ON_ZERO";
START TRANSACTION;
SET time_zone = "+00:00";


/*!40101 SET @OLD_CHARACTER_SET_CLIENT=@@CHARACTER_SET_CLIENT */;
/*!40101 SET @OLD_CHARACTER_SET_RESULTS=@@CHARACTER_SET_RESULTS */;
/*!40101 SET @OLD_COLLATION_CONNECTION=@@COLLATION_CONNECTION */;
/*!40101 SET NAMES utf8mb4 */;

--
-- Base de datos: `centrosalud`
--

-- --------------------------------------------------------

--
-- Estructura de tabla para la tabla `areas`
--

CREATE TABLE `areas` (
  `id_area` int NOT NULL,
  `nombre` varchar(100) DEFAULT NULL
) ENGINE=InnoDB DEFAULT CHARSET=utf8mb4 COLLATE=utf8mb4_0900_ai_ci;

--
-- Volcado de datos para la tabla `areas`
--

INSERT INTO `areas` (`id_area`, `nombre`) VALUES
(1, 'Anestesiologia'),
(2, 'Cuidados intensivos'),
(3, 'Pediatria'),
(4, 'Medicina Interna'),
(5, 'Cardiologia'),
(6, 'Rehabilitacion'),
(7, 'Laboratorista'),
(8, 'General'),
(9, 'Almancen'),
(11, 'Espera');

-- --------------------------------------------------------

--
-- Estructura de tabla para la tabla `camas`
--

CREATE TABLE `camas` (
  `id_cama` int NOT NULL,
  `id_habitacion` int DEFAULT NULL,
  `numero_cama` int DEFAULT NULL,
  `estado` varchar(50) DEFAULT NULL
) ENGINE=InnoDB DEFAULT CHARSET=utf8mb4 COLLATE=utf8mb4_0900_ai_ci;

--
-- Volcado de datos para la tabla `camas`
--

INSERT INTO `camas` (`id_cama`, `id_habitacion`, `numero_cama`, `estado`) VALUES
(1, 1, 1, 'Disponible'),
(2, 1, 2, 'Ocupada'),
(3, 2, 1, 'Disponible'),
(4, 2, 2, 'Disponible'),
(5, 3, 1, 'Ocupada'),
(6, 3, 2, 'Disponible'),
(7, 4, 1, 'Disponible'),
(8, 4, 2, 'Disponible'),
(9, 5, 1, 'Ocupada'),
(10, 5, 2, 'Disponible');

-- --------------------------------------------------------

--
-- Estructura de tabla para la tabla `citas`
--

CREATE TABLE `citas` (
  `id_cita` int NOT NULL,
  `id_paciente` int DEFAULT NULL,
  `id_personal` int DEFAULT NULL,
  `fecha_hora` datetime DEFAULT NULL,
  `tipo` varchar(100) DEFAULT NULL
) ENGINE=InnoDB DEFAULT CHARSET=utf8mb4 COLLATE=utf8mb4_0900_ai_ci;

--
-- Volcado de datos para la tabla `citas`
--

INSERT INTO `citas` (`id_cita`, `id_paciente`, `id_personal`, `fecha_hora`, `tipo`) VALUES
(1, 1, 1, '2024-07-01 09:00:00', 'Consulta de rutina'),
(2, 2, 2, '2024-07-02 10:30:00', 'Control postoperatorio'),
(3, 3, 3, '2024-07-03 14:00:00', 'Chequeo anual'),
(4, 4, 4, '2024-07-04 11:15:00', 'Evaluación cardiológica'),
(5, 5, 5, '2024-07-05 08:45:00', 'Consulta pediátrica');

-- --------------------------------------------------------

--
-- Estructura de tabla para la tabla `detalle_factura`
--

CREATE TABLE `detalle_factura` (
  `id_detalle` int NOT NULL,
  `id_factura` int DEFAULT NULL,
  `descripcion` varchar(255) DEFAULT NULL,
  `cantidad` int DEFAULT NULL,
  `precio_unitario` decimal(10,2) DEFAULT NULL,
  `subtotal` decimal(10,2) DEFAULT NULL
) ENGINE=InnoDB DEFAULT CHARSET=utf8mb4 COLLATE=utf8mb4_0900_ai_ci;

--
-- Volcado de datos para la tabla `detalle_factura`
--

INSERT INTO `detalle_factura` (`id_detalle`, `id_factura`, `descripcion`, `cantidad`, `precio_unitario`, `subtotal`) VALUES
(1, 1, 'Consulta médica', 1, 50.00, 50.00),
(2, 1, 'Análisis clínicos', 2, 25.00, 50.00),
(3, 1, 'Medicamentos recetados', 3, 10.00, 30.00),
(4, 2, 'Consulta especializada', 1, 80.00, 80.00),
(5, 2, 'Estudios radiológicos', 1, 70.50, 70.50),
(6, 2, 'Medicamentos recetados', 2, 25.00, 50.00),
(7, 3, 'Cirugía menor', 1, 250.00, 250.00),
(8, 3, 'Consulta de seguimiento', 1, 70.75, 70.75),
(9, 4, 'Consulta inicial', 1, 80.25, 80.25),
(10, 4, 'Pruebas de laboratorio', 1, 100.00, 100.00),
(11, 5, 'Consulta urgente', 1, 200.00, 200.00),
(12, 5, 'Medicamentos de emergencia', 1, 300.00, 300.00);

--
-- Disparadores `detalle_factura`
--
DELIMITER $$
CREATE TRIGGER `actualizar_total_factura` AFTER INSERT ON `detalle_factura` FOR EACH ROW BEGIN
    DECLARE total_factura DECIMAL(10, 2);
    SELECT SUM(subtotal) INTO total_factura FROM Detalle_Factura WHERE id_factura = NEW.id_factura;
    UPDATE Facturas SET total = total_factura WHERE id_factura = NEW.id_factura;
END
$$
DELIMITER ;

-- --------------------------------------------------------

--
-- Estructura de tabla para la tabla `equipos_medicos`
--

CREATE TABLE `equipos_medicos` (
  `id_equipo` int NOT NULL,
  `nombre_equipo` varchar(100) DEFAULT NULL,
  `estado` tinyint(1) DEFAULT NULL,
  `id_habitacion` int DEFAULT NULL,
  `img` longblob
) ENGINE=InnoDB DEFAULT CHARSET=utf8mb4 COLLATE=utf8mb4_0900_ai_ci;

--
-- Volcado de datos para la tabla `equipos_medicos`
--

INSERT INTO `equipos_medicos` (`id_equipo`, `nombre_equipo`, `estado`, `id_habitacion`, `img`) VALUES
(1, 'Monitor de Signos Vitales', 1, 1, 0xffd8ffe000104a46494600010100000100010000ffdb00840009060712121215101010151515161517151716151516171615151516171615151815181f2921181a251e161621312225292b2e2e2e171f3338333037282d2f2b010a0a0a0e0d0e1a10101b2d251f252d2d2d2d2d2b2e2d2d2d2d2d2d2f2d302d2f2d2d2d2d2d2d2d2d2d2d302d2d2d2d2d2d2b2d2d2d2f2d2d2d2d2d2d2e2d2d2dffc000110800d600ec03011100021101031101ffc4001b00000105010100000000000000000000000001020304050706ffc400491000020102040108050905060407000000010211000304122131050613223241516171728191a1b1071423425282b2c1d133344362c2537392a2e1f015162483254454636493b3ffc4001a010101010101010100000000000000000000010203040506ffc400361100020200040306050401030500000000000102110312213104415113617181a1c12291b1d1f0051432e162234252153372e2f1ffda000c03010002110311003f00ee3401401401401401401401401401401401401401401401401401401401401401401401401401401401401401401401401401401401401401401401401402330024900779a033eef19b40e5525cf7209f7ed402a626f36d69507f3b6bec152c12af39f59d7eeafea4d2c12027ed7b854b02873dfeea58145cab6070ba3cbce9607d5014014014014014014014014014014014014014014014014014014054e21c412c897264ec00927d5f99a0295ae36581716c2a2f5ae5c70aa3d715629c9d455b24a4a2b349d20c3f1eb374f376b116739d009264f80319bd55d65c3e2c15ca2e8f3e1f1981892cb19a6c6dde0aee66ede2fe1103d80e95c0f51770f82c8217281e0a7e3352813734df687b3fd694410d86fb43d9feb4a037e6adfda7b8528a6671ec51c2db174b12b982985122660eba4691eba8f423924ad986fcb2b627a17348ed41bedb562d8ed223c72a07366e657fdaf35199772a1819ee834d4678919e5c2a8d11f7235643a8f09aa9b276913d2727f893626c8bdd5e932c44f54c483db5b4eca9a669656fb5eeab60583f6bdd4b02c1eff752c0beba96029605ad00a00a00a00a00a00a00a00a00a00a0216573b301f775f693f9501478961c38c8cc674da353b09f5d1ec115b13cda5eb564a8260f328c0e52ca26e5c9db3004413af5a37abdaa82504f57edcbf373cb88e0f1a319eff00ed5f57f6f3ea56e5370e6bf65b3d850ea0e465619c30ea01a6a18c08fe69ecaf470dc43c29ad747b9cf8fe1a38d84f4f896dd6ff00b34f93776eb61ad35f561732c30604368480483da4007d758e214162c94363a7072c496045e22a97334eb89ea0a00a00a808b11655d72ba8607b0ed51828b706c2c826cdb91b54ca80e6b18551045a03782547ae2948b63130f8459205913a9d546b4ca85935bc661d042ddb4a2674751a9eddead015b8b61c6f88b5fe35fd68419ff1ac37fea2dff8c500d3c730dfdba7b68069e50617fb75f7fe9404d83e2b66e92b6ee06204c6a0c77c1de80b686aa03ea80a00a00a00a00a00a00a00a00a01280cfc51fa51e6bf1147b01fc57862df0b2cc8e8d991d0c323784e841ed077ae78986a670c7c08e2a56e9ad535ba31f8dddbb6820378b31933955408d2606e753fa5145addd9a8c24b593bf43cfdee257ffb7b9fe36fd6b6762b3711bffdbddffec7fd6808ce36e9deedcff1b7eb500c6c439ddd8fde35484658f79f6d4034d0a240a00a00a009a0126803350066a0141a034b93a63136bd23ef52280e8f6aaa21255014014014014014014014014034a8eea00aa433f19fb55f34fc551ec5469501e6795dd64f23f115183c3717e242d35b416ee5c6b84855b6331244691b9dfb29c9b1ce8f3adcb3b7302cdc277ecfcab793bcc67ee223cb61d98762662336b313b455ecfbc9da770c3cb3331f378d2757fd078d4c9de5cefa08dcb07ecb2bfe226ae41988cf2baef65bb7fe6fd69910ccc761794f79ee2265b6033aa9856986600c6bbeb5994528b6333b3a0e0b04b7151f98c48cd061f2a9507bc1404796fe15f9ac5fd5b1a12715974f1fcf63df1e1e2d2764f6b8703ff95bd3fccca07b45737faaf13cabc932fede1d7e865f2a1399c35cb8b64db601618dc04acb807a2641d3e35ece038ce231b194711e9ff8d72ea73c6c3846171fa9cf2f71dbb307131a7d52a44f74815f7d25ccf24b7d1905ce501edc5b7f8d455a899d482ef1effe5bcff7ba7b8d3e11a97c71cb0ce8966f3962ea3f6974e93ae85b5f6579a1dadfc755dc783848f1aa7febb597cbd97b9d3b93bfbcdaf48fe135b3ea1d1ec9aa884b5405005005005005011626e9552c0491d931efa030715c7b10bd5c2a9ffba7e0123df5681937395b7aef3b6405c3badbcdce4872824098232f7ef3e5562ad87b1e52f714e2a97acdbb7c5b9de75a006b16b6ca5a65540d87beab492b27337f8f711c6e0d433e379c6244c5a5503551006bf6b7f0ae6d951e9c62b35c507795fc547b14deaa43cd72bf7b7e4df11518391fca3712b9877c35db272b83761a263441dba6c4d5ece3891709ab4ccb9b834e3b9e00e35d98b1651312d077652f100f7822b77963497977275fd9e794defcf5fad7f6577c6b6bd53a9d637f1d6ba22a6c9f177c2f52e4b82430c80011bc18d759ae38539cb592a5c8e709ce5ab5a72d6ff342b9c5dd8273ec40d86e4123b3f94d76b575f9cbee74cdad7e72fb96df196bb0de3eb51ddddebaf325c47371f5387fafcdc7d4a972f38cacaee265874882219946a3b7a35de2eed3e5f64758c9ebd57d93f7265e2388b939b1378c2b36b76e1ea827b4d6651846aa2b74b65ccd4b164b9f34be652bb719baec5bd224fc6ba24b90b658bb850a9784090b6ffccd6c9f8d484b36149fe6f472862394e0fbdfa5947895b452a132edae472f264ee48115e4c27269ddf9aa3d182e4d3cd7e6a8a55d4ec58c0345c46e6f9c860d90890c175208ed102a4936a91d30a518cd4a4ad27aaea6b602e07c7db22d0b639c51902e5881f67b0f6d6611718d37675e2f1b0f1715cb0e3963c97e736779e4d7ef56bcdbf03553cc746c3f6d5409aa80a00a00a00a00a02be3fa86aa073ebd748e2139cc82b682c98368d90dd5d8f4c933bf422a8b22e27860719720c73984504efaf38466f1d23d945bf907b194f74b712c296209375898100936dc9d24c0f5d597f122dcd4f95668b33fcc3f1a572655b9e8ac37d2a7a4bf8aab29eb6a90f35cafdedf937f4d460e37f2af6e570f2c161ae6f9bb93ec835a83ae4df857bb471c6755a5fcbdda3c1aa5be68837466cea7456d82dc1a4813bf8546f13b44f2e94f9aeabc7dcf2b73ed13cba53e6baaf1f720296bb6e31f2413e5ab687dbebae99a7c92f9ff005f63a27897a25f3febec4989b9659dd833f4999842ae80926356f1dfdd5cf0fb48c23175a24b7febd3d4ce1c3154229a5a24b9f2f2f4f5017ace465cae64ab0e928d5730fb260439efa3588e6a56b9ad9f3aefee264c4cc9e9cd6cf9d77f7117396fec3fadf4fc1f9d6fe3eabe4fee6f2cfaaf97fec4b771685540b23a323567d89cdde359275f1ac470e6a4de67af72fb188e14936f36fe1f61b67199662cac302a7ac74208dcbfc22b52c272ab6f477cbec6a5859aae4f4d797d861c49ec441e3917f30455ecfbdfcd9722eafe6c762b1571d2e121621018001d0a81b0d76fd2ac30f241a5b78b7cc61e1c2128a57cfdfbcb7c0912f07371010aaa199833054cb70b904688d214c9db29d7583f338994b0eb2bdef4d37d2bc5772fece1c64a7859723dee92a56f4adf75be8baf9a8f8d580af6c0b610e6b81422805ad298b4e41dc9e9748ee055e1e6e5176ef45bf5e6bcb4d3917849b9c256ed52bbe526be25e5a69c88b84237ce1080dd57d9950f55c186eed7e35ec89ef8513f0b62dc4549df9d3f5f3f61faff005bceab36776e4c7ef56fcdbf035429d1b0fdb55064d54814014014014014050e3d7f9bc3deb817314b6cf1df944c7ae2881ceb098c5369b1f7ed2be2b0e4d90c99916e168e6ba32c0697e27a519de3424568ad5167855d18abe97190a938520ae63d175bd958488cc2660c0910635a9cc722d8e4cdb1884be673292cbd230214888f29de77a49ba2233fe567f773e90fc4b5ce423b9bf873f489e92fe2ad3d8bccf6354879be57ff000fc9ff00a6a30718f95b5e861fd3b9f856ba619ce6e8f0176d2b29b8a81467540a35d58336ff00740a917964a1277a377e15f73cd19b4f2377a5df852f72bdc52b208823b0883eb15d634f63a45e6ad4b189c3156703554764991f55a36f67b477d73c3c5528c5f3693f9a3943114a317cda4fe684b360b212049e71107de5b848ff002af95278996693e8dfc9afbb2ca596493e8dfc9afbb04c3317c8066d8f464e84020f941aaf122a199e9e22534a399e9e24d8ac0b067caa7472020524e425b2b79747e15cf0f1e2e2adf2def9e96bd4c61e2a718dbe5bf7e96bd45183e8267214677932a48056de5100ef39b4ecdeb3db5ce5975d156fd657ede3b13b5b9351d7455bf595fb78ec261b08433066410970416124f34f1b4c77eb1571317e14d27bc797f92fcd2cb3c4f85349ef1e5fe4bf34b12f04166e85699093e62e6b03bb6227bebbc6527872ccba7b7a96199e2c6d75fa1996b0970a171d5827ac3500eba4cf67babccf122a55ccf5bc5829657bf8320b4f06627c2b4f546dab5458c363723f382da1d232b2e65d7b63be89504a91a3c9aba5f1d69c800b5c2614000687603614653bdf25ff007ab7f7ff00035429d1b0fdb55026aa40a00a00a00a00a02af14b41ecdc46d994a9f2220d1039fdbe06d6f0b76c73aaf72e39b8a4f44674e6f20cb2485e8206227563a6b154aedea37935856b37545d0158d9baeca0821735f0d13dba1127be7ce9cc33d061f1b6ef65bb6ae2dc460f0c8c194c2b03046875047aaa4b621e6be568ff00d39f31f896b1222dcdeb07e913cd7f15535ccf675a21e7395ffc3fbffd351838f7ca9b0e6ec828586763a1222146ba03a6a6914dbb4ebcace38c9e8d3a39e7cf72a14e6c290cac3a2d2346d7a477e9083fe955e0dcf336f669fa776dd4f376572cd9af46b75ddd3969afff00488e31b42154180336504e8328eb131b76456fb25b3bae97f6af5b37d92e6f4e97f6af5b1d7f1aecccda74a74214882d9b62209903589acc306318a8f4ef7d2bafa6c4861423151e9e3d2bafa6c27cf6e15652c48689e918004e806c01eeabd8c332924ad0ecb0d49492d577113dc723296246c0124811b409d2b6a293b495f81b518a7992d42eb31259beb92c7480d24cf9899f6558c72a497211ca924b9682b23055990a64ae820ecac469e0055cbad8cd16dd6ff940d65942b1901a7299de346dbfdeb471ea4534db4b955fb165306ab6cdcbb9b2103aadd2d4e9a1d27553e4456b2ac8db39bc5939e4c3abef5a7e6ebc47e1781adf6fa225445b0201b873ddcf973c751465399bb34d0cd623879b6318bc6bc05f1eaf5ff1d155d757ae8b9f5231c0af2736e968de945675ca4aa3dc7b88b6dbf9ba1b77823b2b9ceb0d26cf670ce5c64a587869ddd2ae7a277e1bf96a4a9c2ad85376eabca9be6ed95e86536dad2adb56d48d6f024c6c23c6b70519473f8fb7dcf3f11898f838cf87749aca937aef9adbad3fdb4b5df5ee36701c26d59c5da54569b779533933ce8b96ae3ed1032c28d3ed6b57160a29d7239703c56263352935f126ebfe34d2f5d5ea75de4b7ef56feffe06af39f50e8b86edaa8327aa40a00a00a00a00a022c5f51bca80f0b29785bc5386436f332c302991c2b167900f520c0d893b813598c94f5e86e4b2e850e2d785d5674cd0f83bfd855c00f6c30cad0430d4418d6b49a7aaef32d568fb8adf27c445f54ea8bce6068aacd8756751e1b379b13b93496c57b937cac8ff00a66f3fea5ac48cadcd7c1dc964f35f88abc8bccf755a21e7795ffc3fbffd3501c8be526e15160866586b84953072a5bce4027d0aeb83b9e6e2a2a50a693d56fd5e9ee73bbd8767b8a4be7577550f983305311980ea90bd87ec9eeaed56cf3c66a10692a69375b2f2eaafea865cc307e9598d728e6e49642c72ea4eeb9a3593d6152af634a6e1a6272bd793ad7e75f462e22da396e6b42b9a102e8eaa7460677c90488d72b1edd6ba241ce2967e75af46f93d3ae8bc5224c42a3b1b6010eb2890043e41a66d67312180efccbdda999839462a4f67abeebe9dcb4f0a7d742f32b3732dba7415b3000305008223552ea4cc88cec69dc229a5da2e7ab5dd6de9aeea2fa3ba486dcbcb22d3c145850daf40e40aec20c119866d676f1a5ad8b18cab3c777ad75d6d277ceb4e5e835b16a1b9b62ac802acc495850ace9ebe978c0a9996c55852accad3d5f8eb693f2d3b84f9e80c564b5b2150f44130a8133ac8e89d33766b1353317b2757b4b57bf7dd3eab9786c3d55efadcb56519b3652abdcb6c0027b272a8ac6363470f0db93a5a1d7030252c48a5abd6fcf57e56cb165eed9673702db736c052d25830eab6e206a4eb22403120479f0f8b83b71d7c0ed8bfa4ca6a316d55eaaeb4f24fd9d5aba6c7e1f9438944c871618f4757cce41b6ceca466304cdc3a91d8b1b567131a588a9a6cf6707c1c383c478984e316dde8bbaba2e5ee67ff00c41839ba316c1cbbbca285e95c80e743a4e51eca4313122928af52711c2f0f8f294b1649b757a74d573ef34f92c43e22cfd2dc6e6d8e50e654069cd03b24eba547898999465b17f6dc3c6129e1efa5e895f2d4ed5c95fde53c9ff09ae8703a26176355109ea80a00a00a00a00a022c5f51bd13f0a039863719670ecb83c8d97125f39ce4f37ce916c001b5824c0034503c28a295d224a7aa4d977875a64b9685c70efcd5fcccab90126eda26164c7b4d670e0a0945779d272ccdbf034386e1addb012d5a4b6b174e5450ab251c930076d6e5b18463fcab0ffa67ff007f596b9c82dcbb806d53cd3e22a94e855a21e7795fb5bfbdfd3501c7fe5519859b4116496707790b965a236da0f8135b84a8e58b052abe5afe7e6e736c29ba09441ab888cb24e8448ee30584f89ae8e6a29b6d51c9e1a9357cbf3d97c862bbdb63072b095303510751ed1ea201ecab176ad3138c5e924310904156208d88d08f22294574f743328ff66942d8e5b73a0124ec3727d547495b09b7b163fe1b7402c6cb80013250ae80493a8d74d6b92c7c2ba525e4d1acb32bd7630593848ebdc443f65b3961e6115b29f0306b976b7fc62df7e95ead5f91bc9d597aca7376aeb5bb932aa55973298ce54efa8d54d67124a782d496d24a9ebcafdcebc2a6b88d3fe32faa25e0386675bd7798f9c22da5370b2f3ae094b805a4d0f372618be8545bd0c9cadf2f8a9c62e10cd95b7a725bad5f5e95b36f6e6bba4c8f9696573a2a2db906ec7322de5e633ffd3e6e6f42d964c9e94159eca7e9f29656e4df2deff957c5beb57e5774578727b231b87dbbd6dc5c44922770635047679d7b31658728e56cd4786c57b23d4727ef5db98bb772fc0321140ee199b6249ed35c70a30849470f6d5fa1da5852c3c193973a3b0f24ff00785f45be15eb3c4742c1ec6aa2162a80a00a00a00a00a0197d65580ed047b4501c9f951c22f5cbf619728caca2e8b92a42ab870cbde474c476e61dd57318961e669f43619873c87ff6ee7bdad7e94e674e45fb0dd2fbb73ffcde92d8864fca82ce1dc781fc4b5ce5b05b92603f87e69f950d733a3568c9e7b95db5bf36fcaa0392fca3bbadbb4eb70dbcaec599449032c00069249ca37f74d666a325964aef65f9dc46ce737b1eacfce30baec04067ba068040d110103c037aeb50c0946395654ba28fddb5e8737357632e61031ccaf6d55806e95d59048059489cfa1246a3589d6b51c57159649b6b4d13f277b6ab5dc9285bb4477312a9d1b62d90225d915cb346a47380c2ccc081a44eb554336b36fc13aaf93dfaeaf5db4175fc50ef9f0b8a52f3189054a229cb018150a0a800c8d8fd51a54ecb23cd86bc6dbd7cf5dbdcb76aa430e2828cb67389eb39e8b11f6401b2f69d4cc0eeab91c9de2569b2e5e3af3e9a2ad7a92d254882c5d2ad98013aefb1044107cc123d75d64b3469994e9ee4e98dcbd5b3694f7c3391e5ce1615cde137fca4df9d7d12359d72456624992649d49ed24f6ccd754ab63168d1e196ef329e6fa4010321232c36ac449001d0570e2630584e5275aafeb6d4ebc3e3bc3c5595727bf90716c3bab05b084c5b6b8d2b6d8aaaccb181a0d2bc38328b8dcdf3addeecf73e2b13957c915efbe230b700c42492b982161112575e6cee195810750410456e0b0b1e0fb37e7ebcfb9efd36332e23179c9fe780cc6624b5cb46e26510a59154ec1da7a0c7a463bceb5ac38250928bbde9bf0ebe27394e4f76cd0e4c0ffc497a0501b8e4295ca554c95197b34234aeb87ff6d6b7a6fb986772e48fef03d06fcab40e8583d8f9d5442c55014014014014014014035d01104023b8eb4079ce3183b2b707d0dbd56762bda7b54f877542952d59b4a737d2268c370ebd252a75df634033941805c5a95e71482088072b6a41d03f9546ac9b19d66de5655ee603d9a5434743154c981cadeadbf36f80a038ff00ca8619ae5ab2a824f3a74903ea377d5538c1372748cc936b439abe0196e734ecaada49668512b9b561e15b58b19433c6daf5e9b1ca9dd11e2ec2a340757103a4ba8d44f6f756b0de78db8b5dcc3b4e93130f659ce5b6a58f7202c7d82b539460ae4d25dfa112932caf0bbf31cc5c1dbd252807996803fd2b93e2706af3af277f42f672e803873eecd6957ed1bb6d974de32162c7c1413a8efa7ee23b24dbe995fba55e745ecdf301834105b136e3f956eb369dca506be9114ed67b283f3cb5f57e96322ea02de1c6a6e5c7f05b6a8479b1631ea07cfb299b19ed14bcdbf65eb42a1d433e1c6a2ddd7f0675403c0e5525bce57c852b19eed2f04dfd5aaf0a7e23e04189bc8f65ad5ab50c5d5baccee60348ec11a8fab3a6e6b694941e695f82497bbf5aee314bb44d2d299adc1ae8c3f3d6fe6774b5cb44060586f6cae564749285cc9831d15de2be6711c263e3b8bcd54f66bbf75aef5a2d3af53d6f123129f19e265eeadcc3ca85e7083702669bd76e5c6d0661003859edcb3a4c0ebc370128e1b8e2d6b5b37c924ba74bf4d4e72c78de853b3f383756f166771a024334ee23c773edaf5fec62e0e0952ee4727c5453fecdce0b6ae9e2097ef265676d44651d52340493d945c2ac0c2515b2d352e1e3ac4951d8f921fbc7dc6f8ad60ee742c26debfd2aa213d5014014014014014014014079ee518fa45f47f33519519609eca8523670771ecfd280aa4f487a5f9d460e800d52183cab3d04f48fc2843907ca85c55b368b5b0ff4b00317001c8daf40827b7b7b6aa8b7b4abc2bdd3249d239bfcfd57ab66c29ef867ff002de675f5c569e15ff29c9f9a5eb149fa9cf33e4841c69d7aaeaa7beddab68de03322835978184f7b7e2e4d7c9b65b990dfe2f71c657bd75d7b99d88f58275ab1c3c183b8c527dc921537bb22c3b35c65b56d4b127a2b20093bc4e80e95d33f32766f9b2d60f0caf6cdd7c45ab700f40966b8623ea8ef9efec3533b2f668aa60db0c9709b9acdb16ce8a0312d9fb60283b769eea99d97244bd81e13880ce6f60efbadbb46e3ac35b2a8412ae491d5d18f8853dc6a6665ca8a988e2168b2b5bc2aa852d2aeef703ced9a48dbc22a1aa2d70be26bcf8bad69532a401666deb3a199d0eb13e02bb60e5ccece18f9b2acbd4d7bdc4f2dd24a492c273dc2cb0760cdf58006bd59a095289e2cb88ddb9100e2acb7735b5b6a7369956544fd906476f8d578cea8760b35d8f7c65eb970c96240d202a911df311126b93e272c6ef43a2e1d4a5b6a68f08cff003cb5ce669ce7aef99ba84ebd9dfaf8d79a78f1c48acaed1e9c2c1c92b68eb7c8ff00db9feedbe2b5c8f41d0709d5f5d54427aa02802802802804a00a009a030f8f24bafa3f99a8ca8f15c9ee30f7afe2ad38116ee742047465960f7f5419fe63dd4ad2cc431334a51e86a35f4e705acebce15cf92466c920168ee9207aeb27423bc907ef501ef01a19313955d44f48fc2a838ffca9b5b166c9bcacc9cf410a61b5b5720827b4183eaaa81ce6ef093788f9b58c9168dc21ef212f0b9c9406093975ca04efa6954163fe4dc407bf698a86b36f9c610e67a2cf03a3a688c33342ce5d7a4240afc2b82a5cbb62db1ba45d30d92d31651954e613d6505b52068013ad01a783e0386f9c5ab771dad05b41af1b97548e7589e6911d12165407896d3300749203fe4e39bcf739c0a006b4d71996c38f9b866e7d0ade619518159740cc3281073501a3638b602c59c335bb9ce7306ecdbe6c2b3f3df335be4cb4b16537f2c8021627a32409b19ca5c2f4990b3b5b2d74359b774dabae7e74a15b9e21adc0bf6d98c1926e9d4996030383638d80972de1f329450d39564a1b81e1d813ab329cc3602371200cfbea73af444ad945304349580731122748f202ba616e72c5d8ba70d759b9d16720d1808caba0044063acc4f8cd7450a8656dbefe6716db966489acf0cbd766f4a0fac493b4189850636f7558c528e55b095e6b7b8ec1f0be724b5eca648da66206e48de4015629515c5deaff00377f24acb1c9cb0ab8cb794920311274ec3d95cb16568eb870ad4ec9c8efdb9feedbf125706763a0e13abebaa884f54050050050094024d0084d00d2d4061728ef95ca4004981a98d2493d9bc031e315c71b1161c7333a61c33ba30301c112cdfbd7d5989bc412a6214824b658d4e62675ae8738c126e4b998b8e3978a5a93ab80547da516ee2bc0ed8d49de2479d0d1e831dd9501ecd4e83ca86598dca9fd9afa5f91aa0e33f2bdfbb5afefd7f05caa81e430c6edab9ce58b7690bd9957b99142ab304e713236ff004834691b98d34a0cac4728315759cca82ea5084b48bd16eb010bd1996dbedbfda3203ec60f177a1ed5aca52466522d9ea80756209d23dbe351df47e49bf9d2d099a2b768aadc1ae02aa4a4b46586066495d08f1047aab5851788f2adeeb5d0cce7184733daacd1e23c0df0c116f5b40746ce0b366127420c08db6eeaed3c070dd9cf0f888e26c8bd84e0a976cfce39d542acd9551003986a0b7f28cbb9dbccd758f0f0704ef538cf899c7132e5d34d7bdd10f072976e737785c607eaab3f4da02f557b206c2a60c70ee59d6c6b1e78951c9cd8ce29834b188e694743a24c23e640c2621c4c806b2d45c97246d39e47cdfb869ac1244982c0062274240d8f8562556f2ec6e0e59566df99b777893dcc2a6183588596050bbdd39ba5959510c11b4123b2af6ba518585f1e7bf21dc3b09785b2b92ff48302ab69446ba1172e3a8d7cb4ac768d6899b7851935292d56ddc58c0f01bebb5a8de4b5fcb2358e8db52411a7d6a9da35b1a787197f2565de17c996b7796f17501492117336e2233319edac3959b48e89c8d1f4edfdd9fc4958653df617abebad2213d501402d0094021a01ac680899e8089ae5018fc7115e1597303b8f2323df15994549533516d6a8c818d4bad76d5ab839cb642b687a0581ca76d46fa89ea91b835194b33112413dfead4f850854b97b3a2bc11980683b8913ad48c94a29a2c953a3dadb3a0f21f0aa60c8e53fecd7d3fe93541c93e53ad86c3dbcc240bc0c7fdbb95b8ee46735b8114215369b36aca80ca006209ef89af4648c72bbbbdd799e7589296754d56cfae9c8f51ca7c321c3235bc2ada65cb99f3dae992340aaa67b41dbc6bb62e329d9c3030671ab7eb763f91975c0018e803960498692657303a687be75af261f13d9678b695bbd7c28ef8bc2ac59464f97decc9e23c22e9b8bcd23364040caba122edc61a8240d1876d670b1167735d7d923acb0fe0c9ddf73738e704bb88c9911a64972e514440cb1001999eceff5f478cdaa662181183f85509c3f93188b6b943e1d46bab5ae75e0ea44b69158ed391d322dcb385e472a307e7db30932888b3220c8208833b45673b35951a3ff002e582d99c3dc6d04bb9d86c2040035353332d22d59e15617ab6507dd04fb4d4b628b8aa06804796950a2d0050162c612e3f52dbb79293f0a03d47263845cb45aedd5cb232853bee0924766c3df501eaf0c7a35a442c03540b402d0094034d01139a02bdc7a02adcbb4067e35e62a32a3c6704c25cb7c43144ab0465cd9a0e562ee0ac36c48e98f08f2a86af42de338f14c75ac215191d3ad07307398aeb3196120e9bb8d74d616b4341ed8445404c280a277802054494552249dbb67b6b27a2be43e154c193ca6fd9afa7fd2d541cfb94dc2062916d972b0e1e409d95847f9aaa7428c04e46d81d6676f5803dc2b59d932976df02c3aa84e6cb2ac650eeee046d0189022a39365a45bb585b6bd5b6abe4a07c2a5826a851280280b1670375fa969dbc42b11ed88a02f59e4de25bf8617d2651ee049a582f59e485c3d7ba83d105be31405eb3c91b43af71dbcb2a8f81a80bd6793d865fe14fa4cc7dd31405fb583b48256da201daaa01a01f6aee6da63c7b3d7549639ce9150a49873a5690658535483c500e1402500c6a020b94054bc680a179e80a37dea32a219a8530b8a704377176312ae00b7d7520cb05964ca7bf31d67b3ca854cd3c51d2a10f69863d05f447c28433394c7e8d7d31f85aa83c8e20d08575c1dc7ea5b76f2526852dd9e4e625bf85947f3328f74cfba80bb6791f70f5eea2fa219be31405eb3c91b43af71dbcb2a8fce80bb6793f865fe14fa4cc7dd31403f1189c2e1a331b56a76d1549f1d358f1a5591b484e2bc6ed58457625f3f5152199f6d46b11a8d67b4778a25647248a3739516fe6ed8855690fcde46e89172260912008933aeddf572eb44ceaacafc3f9417d92ff396173dbb66e204321b43008049f1d3783dd55aa22937c8adc97e2189bb7431b8ce8437392142a69d08ca3433023ba7ba692492245b6c8782f05c51beb7afa95b82e067ba5c1cc83ac8b0750c748d80f2028e4a8252bb3da5f12a477fc4560e818262a9948d75f5cd2c50ae68524b55b216528090500b4014031a8082e0a02a5f1406762050199886a020172b2517350a41896d2a10f69836fa34f447c288123a8610c011dc75140476f0f6d7ab6d47928aa08ef6360c004c7a857cfc7fd4618727149b68ef0e1dc95b741671418127a307593a6dbcd77e178958f1724aa9d18c5c3ecdd0af8a40034c86db282d3e5941af49c8909a853c060f018bbb779cb8b712f0b8a4b9cc1154105b29ea95dc0027b348248e96a8e3526cd6e29c9ebd7314f7832323800072414850b006532342771d63e6629523528b6cb588e4c5b74b29ce3a9b2b9559635982641046e26a66d4b934a2ed9e0d656d1b2533ab1ccd9f52cda7489efd06d111a546d954525458c160add95cb6adaa099851127bcf79a8dd9524b62c161df42899ff00dc540058f77b4d0119be3ed8f56b402833dfebad240b16c5688594a0251402d00500d34044eb4056ba94051bf6a80cdc458a032b176cc694055b38bd72b6f59651710f50a7b6e1ef3690ff0022fc2846589a013350157e6da939b724e83bccef5f3ffe9e9ce53727abbd3f19dff70d24ab61e9654022241326759af5606043063961e2729cdcddb2506bb191268069b83be804e73b81ff007e7402173b981e66a0216c6a0fe203e889f84d0119c603d5476f3d07bcfe55698017ae1d9557dadfa55ca0704b87ace7d503e1572a163c61076ebe7afc6ad10b16ec01d9404ca9404c8b404aa28078a01c28043400680630a02274a02bdcb54053bb6280cfc461680c3c7f0e9a0334b95e8bfa9bf5acb45b3d3727b8b2c0b2e4061d53d84774d4d8acdecf43230de1dff9d2c09cef81f87c6a1446b846a481e668081b1a9fda4fa227e134030e2e7ab6d8fa5007bff4ab4039dba760abed3fa55ca0399b87ad71bd50bf0d6ae542c55c02ee449ef3afc6ad10b098603b280956cd0120b740382500f09403c2500f0b403d4500f02807500b40140250086806914046cb4042e9404172cd014ef60c1a032f17c267b280a383e1ad6ae070b986a083dc7bab2d16cdb0e3eadaf6c0a5105cd70ed957da69406fcddcf5ae37aba3f0ab480e5e1ebb913e2753efaa0b298603b2809059a0245b5403c5ba01c2dd00e0940382500e0940382500e0b40285a01c0500e8a016805a00a00a00a0128048a01a4500c65a02264a02364a0216b740339aa00e6680516a8070b7403c5ba01e1280704a01c1280704a01c128050b40382d00b968058a01628022805a00a0168028028028028028028048a01a4500d2b4030a501194a01b92a00c940284a0142500e09540e0b403b2d00a16805cb402c500b14011402c5004500b4014014014014014014014014014014014024500914021140348a0132d0065a00cb40285a01d9680228058a01628022805a00a00a00a00a00a00a00a00a00a00a00a03fffd9),
(2, 'Desfibrilador', 1, 2, 0xffd8ffe000104a46494600010100000100010000ffdb008400090607131312151312121515151715181717181818191a191a171518161818171717191e2820181b251e181721312126292d2e2e2e181f3338332e37282d2e2b010a0a0a0e0d0e1a10101a2d1d1d252d2f2d372d2d2d2d2d2f2b2d2d2d2d372b2d2d2d2b2d2d2b2d2b2b2d2d2b2d2d2b2d2b2d2d2d2d2d2d2d2d2d352d2d2d2d2dffc000110800e100e103012200021101031101ffc4001c0001000203010101000000000000000000000506030407020108ffc4004e100001030105040507070808050500000001000211030405122131064151611322718191075292a1b1c1d11423324282a2f015536272b2c2d2e124334354638393f1161725d3e2344473a3f2ffc400190101010101010100000000000000000000000102030405ffc40020110101000202020301010000000000000000010211122103310441516113ffda000c03010002110311003f00ee288880888808888088880888808888088880888808888088880888808888088880888808888088880888808bcbde009240ed505536cec22b7406d0de974c30ed7580620a09f45a34ef7a274a83d6b336db4ce951be2106c22f2da80e841ef5e901094540dacbdcd5a9528e8c64889d5c35278c1dc905f05669d1c3c42f40ae0d64be4e16c5478c86588f05bb4efb7eeaceef33ed5749b76d45c7696d057cc0aeeca0ea37985b54b696d194577662467f8fc050dbac22e63476aed397ce0332048de27e0b7296d857cb369ce34033cb973086dd09151e96d8d5dec6eb07b56cd2db03be98eeff007455bd1455cd7d36b92d00b5c04c1de388f578a95404444044440444404444044505b5f7efc968cb73aaf3869b78b8ea638019a0d8bdf6828d9f27ba5de68ccf7f0554ff0099033f9b021ce106771201d77eaa676576705368ad5faf6877589767849edfadcfbbb6c26cac3ab1be8841cbafedbd351b00111390d0e5bf39f585cb6d579749686556b4348c38801902dea9239189cf8f79fd1db41b3b4ed148b1a194dd32d70634e704410466209f515ce2a7921afbab52eceb7b602b12aaccda478fac7f1c82dba7b54edc63f1cca92ade49ed83e8b987be147d6f263780fa8d3d8e957a1bb436bce525ddc7f92dfa3b699fd22d1c867eb72aa56d82bc5bff00b771ec5a168d9ab7b35b3d5f04d41d11db785a0fcf1396533eb02555ae8beaadb455263a538839c326cb83a1dcb439710551eda6b34963c39a464410411dc558fc99bfe76b007514dc33e0e737f7c78209eb2ecb17b1ae15000e683bf7807828fbd2e8af45c628d5753004540c716196827ac046a48ee576ba04526b7cd967a0e2df72c96eb6550f6b3a4218291735a20cb83ce29991a16ea09d608df9976573136a73664169303304640cefe6bdb2f2d209c8610bede56879b6d5c4e3f4cc0dc06e006eca14d536080607a9691194ef2708d7aa711ed2b253bd4c449cdc1c7b0442cd7d5b432bd468c8483034eb343b2f15aa2f49d4f6cc67ea41b8dbf4e667574f7007e2b6ac57e1a8ec2c2090248e5a6f5166dcd764e88d0e434ed53db1f606d9ed8dc0203b1b0e73ab713733d812f4458b642f634eb17d618598089d732440cbb09ee5d2acd5daf687b4c82241546da3a3fd1de5a0070c2465c1c27d44acfb39b43d1d0a6da8d3a6bef9ed95955dd147582faa55726bb33b948a28888808888088880a8b656fcb6f4a8f39d1b2751a371a9bcfa53e88572bc2d1d1d27d43f518e77a209559f263678b18a87e9557baa13c64fc6505b91110111101147def7cd0b330d4af51ac68cc9261546adf969b68f9a0fb3598ff006865b5ea0ff0c6b49a7ce7671f5464505d6d36c6b081ab8890d1a90329e433d557edf7f5515ba310d86079de7ac5c009fb27c561bb0358e6b013fd5bf3738b9e435d4c09738973b5d5695e8cfe960e98a87ec3ff00f24b08f36de88b9d5ea51a6f78125c5b2721a8cf2c828f6df1650e9e840740886be73870191ca637e592d3dabda36d8ba3058ea8ea988c080006c0924ea493a725003ca4377d9dfe2df0526c5d2cf78d9320d6b463718cea66e2f2d3be04bb2f62ddad61a2f735cea665a1c0439da3c41f62e7e3ca3d12462b355ca0ff0067b8c8fadc735b94fca4d0df4ea8ed0df7157544eda762ac552a3aa96d60f744c54cb2000c8b4ee01676eca59a203abfa6cffb6a09be51acdfa63ecaca3ca3593cf7ff00a750fb027674b40b86c447ce59c547c005ee39bb08813103400772c3f912ed3ad94771fe6a129f942b19fed0f7b1c3dab61bb7963fceb7be54ece9282e2bb7fbbc77ad5b3ece7ce8ab4eb00d1531005a6601d09fd580b0b36d6c27fb6a5de42d9a5b6162d057a5dce1ee09d9d2c0fb1b1e0b5ee05ae0438758183918cb252f45f45ad0c6c068101b19470552a7b4f653a5667a416cb2fda074aadf11f141316cbaacd50180d6388c9ccea90759cb5cd65b8ed153a3c35e03da4b6644380d1c20ef5015ed6c74747686d3ccb8910e9904416cc1d4193c02f4da8ffab6a69cbeb31a469c1b1bf3d5516f0e1c42f4aa8c6d4c6d774cc2d1a8d273e111a7ac29bb155ce275412088880888820f6daae1b05a48fcd387a597bd7ad8ca586c3671fe183e327deb079401ff004fb47ea8fda6adbd93ff00d1d9ff00f89bec412c88880aa9b4bb47598e751b3529aa32c4f90d12264466ef50e615a2b3f0b4bb8027c04aaadaeda5fd679ec1dbb80d49f59560ab5ddb38f3505a2df57e535c196888a548f16337bb4eb1e1de67df5a64360c6ae3f441e1fa4efd11de448586a549d721c260c717bbea8e433f585f45681206406594081b98ddc3513af682aa3ddcd598e3898ec60bc82f88cda1cce03299681cfbd7cda0caad99fc5d5187ed343bf71446cb0e8dd68a7b996a77a389aff79f0537b5222931fe657a6eee24b0fed29554dbf28d2b7b69176364071616c1caa007ac08fd098046f12b9efe4c79ac68cff56f787b41702e2d380e12d63e208992175a75cf4dae21b530892434e131249eace606b973cb25cc7ca151c169b4b40690e2c775b421e29bf591199d677274884b5dd55d8e1356930389c21ee820448c52c19ee26225695b1b5e990096bc19cd8038644820c0c8e53d842f7569bded6601443a7190d7c92e6c01939e5ba11b869d81697e4f7383dc4b010e13d76467388983d5830a6d370fca1506e1e8af42f1a9e68f44fc564f93d5a932c6b4c39d2d6b5b2402632d67972589963ac5c1a7109313323999060c26cdc7dfcaaeded6fafe2be8bdcf98df12b1becb59a621f3fa327d8b2d5b2d6a6eebb5ee683a9c584f6f22aecd9f95bf4078ff0025f7f2bfe87defe4b2d9aeeab59a6a33034630c0c260c9c3f464683103aceb0b4ef1b2be8bf03cb4e4082d82083bc18e47c14e47296e962bcaefad4309a8c181cf0cc4098932621cd69d1aecc659764ddeedd91b23e9537b9b5497530e303ab30260c71ddc9728a8e606b30e12e22490008d7aa446bce5779d85ae1f63a72f688919b80ca64403a082159bab659eda766d81b23dae2d351b844e448dd3bc470cd79a7e4f68160a8db457824e8ea646a46a1bc94b5e57d53b3d66537ba3a5d1f3d5606e40023424e65da0c811a91aefbdeb52a9d1d6cd8ed1ed198e7c0f67b524ca96c883b7ec8606bcd1b5d5151a096838be9098063891c0aba7936be5d69b151aaf32f04b5c7f54e5ea216e328b9cde396a32ef0372ab79293805aecc4474568740dc1a49881b8400a2bae22f149d2d07880bda02222085db4a78ac36803f364fa241f72f9b15543ac36723f3787d125a7d8a4edf67e9293e9f9cc737d2042ac7931b44d90d33ad3a8e6c7239fb67c105bd111063b4365ae1c411e21501f54881aba35e037c79a328e6ba1aa6def4dacace112d1040ee9dfae655895174e947d23275e40f18dfdfea594bf76f3f8f1582b566d2a7d2557865310313b79dcd6b466f71dcd124ac34edf51d46d1505375063291e8cbf2aee79d0b9832a4d1d5ea1eb1c4262083ad8d7b012db5da1a72c4ca4e8e05cc21de05aacdb4631d92ac0fa98c7d921e3d8a9b775b0bad146a4ff596783faed7b4fb1deb57aa6cc7470f9d4cb7ee96a9554baf66ab8dee825af22a073462c8b1a0b4c662309cf48ef543f28186a5521ae0e3d000e83a3863869e7018794c6e5d42c74856b28638487d134c8e389a5847acae28c1a70c94952c56aad95ed9c4d2200272d0130248e6b1b5a49000249d00ccf72debb726d40ec812c63b80c589b27b0e7dcbc59a93e9d501c0b1e03889c88963a0aba4db4a17d7320c11046a08cd6c5be8c1c61a431fd66e5941cf083a1c3a772d8bd29b9ce75400901c5ae3b839ae204f096e11ce0a68da3cb796bfedf15f415bd68a25d4a9b80270b4cc0986973e09e0016bbd25f5ad2fa0d680490f7b80199fa81c00ec2d3f65346d31705e8dc0f654735b10eeb91d686bc1c24e8717466067915a9b57569bdd4dcc7b5f21fa1986baa39ec0ee07ae441e0b0ddf667da229b4d3618241fae486e84032473d163b558df46b1a522a1003b7c1101d2013c0778ed59ff3ef938cc7199ef7dfe23015d73c9e5a03a830188c41a660e4e01990fb0ecd733a363aa5aeabd102d824c988101d2d04c9106729575f26957131ec2408ce7b088ee9795dbc3d671bcfbc6a7f6aec06a5998f666ea45c08e4e25d3f8e0f3b8ac7b217e8a8d166af9eea6e3b8eea64f0e07769a1ca71a0b248730e5a711ac7b0e5a10a0db67b1b9d8aa52a8d3bc3204fdac400f47b975f361c2ff19f1e5ca7f56cbc035a586038602d83bb0919e5be710ee2a2362eae0bd2bb3756a4d781cc40cb8fd077af82c87695fa368d1c23268733116b7862264f6f12545d9ef0ff00a9d92b16b198a693b002066406e527cf77815cb2ce5c263a6f1c6ccb6ee16074b02d85a3763b2239ade5c5d044440548b8bfa35e968a0726d61d233b73765e2f1dcaeea97e5068ba93acf6d60ce8bc0746f69323bb51f6905d1163a1583dad7b4cb5c0381e208905644055fbe6c98ab62224601ae93275e390d14f547c0278286aae93277aa2ba2eb6d106d155c6bd76821b51e0433165868d31d5a4dd34cc81992abb7a303ec758b8b8c541227aaec669b4e31f5b94f19d622d5b4d57a8d6f124fa23ff0025580cc54eb52f3db23f59b98f580a0afdcb5f09b3c400ca8f6401021ed303c42ea5763fa839123d73ec21722b11804f9b5693fc1d1fbc5754b96a4b48e60fa423f74aa23eea18439be655a8df07923d442e377d52c168acc88c356a0ee0f701ea5d9d822bd76fe9b5fe9b07bc15cab6f28e1b756e0ec0f1f698d9fbd8949ecaa85ece686b862639ee73660b8380925ad70c30e2047581de02d5a758536b7116bc104b70938a9923304c6f9cdb9f71d772db6de84934b136abc366a03043040c2c8cc125b24cee038ce17df2e0dc54cbd959d1d2d50e389d84000348cc4c627672e31c336ea6a34995306470bdae6b7100723203b23b9cd923919198d4eb59151cf1962738c1cc10e264386fc8c2de75f6e68c547153a8e21d55e0e6e70119468d265c46f2ee0d08ebe7011d00349b8b1bd9393c93258e889a6075434ee93bca6e9a8d2a9698734d3c4c81004cfd62e8e624ef4af6a070e005a4171307297068387781d5d39c2ddfcac1a43298736ce241a739bc3c439cf23273a0f57cdc2d8ce490bd81760735c6cc06114818c8661d965d217092edf2e1a404dd350b15a2a09aed75396bbacd25924b47d3c048275d5bbd62a979b9f55b51e412d6e1c9b120e29ef25c4af3f2dc7531d50d20641a6703401d46868faa22202b26db0b33a853752366e91ae0d7741d182f2f6bdd51e5b4f4648a713a62232cc2cdf25964fd4e12f6af50bcea869a62a4b5c0361d98020b4005c618dcfb0476ab0ec154752aef648c5872821c316174416920e659a154c537b1f5f05a5879fa810e3fb2ba4b766a3a656bd6a3a01823b3e0b72e2b2f4b8cb9d85a0e4034125cf0675d0437d8a1aa8c2e2d2608241075cb8addba2f26d3710e3d5744efd2469bc4139761ce20ef2cf2cbdd666327a58cddac980f82402669b0819c6f3fa2aa1b5765751731f39b2ad37b481ab5c5cc9fd1eb16f780ad26f4b2e47a6668e696e07e121d860ce1d4169ca37a82db3b532bd370a4710652719d24b3e749035c2300d799586a3b15d3543a1c347343877c10a51547616d7d2596ccf9fa81be8cb3dcadcb2d088880b4ef7b08af46a52768f691d8771ee30b7110543c9d5e24d2759aa6552cee2d83ae0931e064782b7aa1ed651758ad74ef0a609638e0aed1c0ea7bc09ed68e2aef66aed7b1af610e6b807348de08905062bc0f5638951d0b7ef13a77fb94792ac442ed0b24b7903eb3fc9579ccc2646e569bcd988c72f7955ebc1b85155ebcaee86d770fa2e6481c1c25c4470eacab76cd57c401f3a987787ffa55616c6b83d9ac83ec235dfaa96d8bb44b29712c2cee024fec0412f6a116a3fa745a7d0711ef0b9cf950a1169a6ff3e88f16b9e0fa8b5748bd72ad41dc7a467880e1fb2a93e5528f52cefe0ea8df48308fd93e0a4f67d28760b2d27d469af4f153c151b3d686d4031b31168900f5801bcad8bf2ecb20a157a00de99b54f4718dd8a962644e2686cc38c7266a4c95eeee663a1599310fa0fec97ba913ff00dadf050ecb5b4c67af6efe0ae91106cd5bf37f71bf04f9355fcdfdd67c14c1b630644c771f820b6b32cf781a1de5043fc96b7e6feeb3e0a4367ecbfd2688b4520689aac15010d030120124b6080266792940be95743a13767ee52e20d3b18679c2d2f9ce63ab8a274dfc7b1695d9715d26852c74ecaeab800a98ebb9ae2f1917435d19904c08d557ee4baaad7655c18621a25c63ad881006473891deb0ddb65a86d0ca6045415342621cc3264f283e0ba729f8e7c6feacf4ee1ba455aa3a3b2b99898e662aef686b4b1a0b5a5a7add66d476664636ee505b6574d9291b3d4b2368b08a985e295473f135e32790efa311022671f2586f6bb5f41f85c04192c2d320b662018198d08f8ad8da1b9aab6cc2abb098a6dc50e92deb1c1208c84616e5bd4b7af4b277bdac95af6b5197b6ad50c867d173834626b481965bc0ed583f2d5a7fbc55f4ddf1586c151a68e22e00ba8e1120c187f207eab46bc41dcbe06d2f39c3b81e339f86ed4acb4b4d0a754b1a5d6db4496b5c63303100e892fce2546de769aec3d1bad0f7d37b4838c9c258e96bdaf6c9dd3a6ecd495d071d064026061319e6d24418e584f7ad2da4a24329922337813965d4f57c57cff0fc8f2df917c797aeddb2c31e1b890f2436926c21867152a85a41d46435ef0574f0571ff2575b0d7b6519fae2a81c9dd6f56302792eb96632d1d9ecc97b5cd951110111106bde163656a6ea7504b5c20fc4731aaa66c75b5f64aefbbab9ca4ba838e841cf08edd473c415ed5736d367fe53483a9e55e9f5a9b8646467867d6381412b78fd5eff0072d0dfe1ef51db3d7f1b55118c61ab4c9655111d6ca1c384c1cb7105497e3daaa236f3b6b598a7965a6e9ccee542da3b7173b017b039d9b5931967240d49113e2a4b69af5736d584358ea61cc6d4044b8e270682dcf20d8939199dd0a93b58c70b737897d12de60384c7675a7b56b19b4b5b961815677911dc0ff353fb24f886f9b58b47da747ef1500d10f953172ba1ae746ae2f8f67b3d6a2ae17d7d1a6ef36b33c1d2d3ed55af29343158b1799558eee3899fbe1592f9ce83c8dc310fb243bdca336b6963b0da07f878ff00d32da9fbbeb59fb5fa722bbeb86f48c26054a65927407131ed3cb3601de560ab7462713f28a601717001d21b88ce51f8c97ca406213c54d582eb15270b4c88986b9d919d48d16b4886fc82c399b4b67bce823f92fbff000fd3fef4c9fd577c14ddaaece8c80e6100e84b4b678c03ac2dcb3dc25e0398c7b9a7421863d644a0873631f9ea7f7ff810d91bf9ea7e153f816fdb2c229bcb4b4822327020e7ca798ed5215367df12da4e27582d6e9e9667b954695c3780b3177ce537b1d12d22a88201120f4677183dcb0bad43a736815e9871797460a8467961fa1988cb9acd60b08aaf0c0c04904e4d6eedfd6811240ef592f2b97a26e37536164c17014cc1e07093083c5f97932d25871d360603906d4249761924960f35a2392d9ab7d0a966340bd9a06e30d7ce10465046bd5009f7e6a32eab5d998cc756997c8c9a0c09dfdd991dc14dd4d96a751aeab670ea6fe8c54e8f187308700ec22448767acc0e1aaa9b7cd9d147e4a1b54d42e654c23061d1cc07ad8b2d5beb5b67e4bc2d1e34fe0a12e4ac22a0804751f9cc1c2ec306338f9cf5297b559e1ee0c070ccb4ebd57416c1ec23fdd4d2b6ec7d11761a42d45c7735cd931d8d596d74a9b08e9596a077627b338e070c15a762716d2ac064e381a7f509762ee2ee8c77af175bcb89a4efa2f919ee78070b8761cbb091bd79f3f3cc73e3a7a70f8f72f1f395b7b2b69a6cbdc0a41c1b5ace010e32713039a648dfd46e9c42ec9607757b0ae0567afd1db6c75672154b0f63b09f73bc5778bb9da85d6b83791110111101111042da2ef653a8fa8c106ac17f02e6e58bb4ce7d9dabc85bb796a3b1445e96c751a4eaada66a39b04306ae97011cb5d55454368eeb71b5121cd14f18e9314cf55d89a5a0020939373223513a28ebccb5ee0e6b038b661c40ca7230edddcac97ad6656a85e1b9383643a3230241890a2ededcb2564151b503399ee1efe2a66e9765ddf05176e6e6b76e87e63bc788282ed4baf463cea707b4b60ad7a34fa5b3e03fda522c3f6d8587da564ba1f34dbc891f78af773507169007d07b87de247aa166ac704a6ed0f61f7ab25cd799a05f2dc4d7c1d6082001965046416e5fbe4fadacacf14a81a94cb896398e6fd12490d20b81040c8ad26ec1de5fdd9c3b6a53fe35ada69b778df3d2d36d3c301aec52482742232038fa82dabbb690d3a4da4e662c30010e8c9a204e5afe3928f6793cbc4eb400edab4bf896767937b7ef145bdb55bee94baa4e982fdbcfe53531986186819cc603209e39adfa3b50f107053c4044e331c74f74af2df2696ddefb38ff0034ff000acadf2616bdf5eca3fcc7fb9892c348aa56d2caa2ab5cdc5d6041d08710488072cc04bd2f8754a4ea43a36b5c64c4c92208cc9e43c14db3c97da37da6cc3b1cf3fb81666f92e7efb6521d8c71f7a7286940bb9b3d476e391dd9c6a7f1aab7da2dcfa3647617cd480ca70270871ccb8f218b0f38dc0a911e4b5dfdf69ffa6efe25b63c9a39d1d25e320683a17903b26a64af29a4e2a5dcce8a81a37b5cdef0d25bf79ad5342dcf92ec799893d8200ec8c958a97933a63336d71eca31ed795bccd836efb75a7bb2f7a9ca2e94fa36e21c1d938c4381cc39ba418f7699468a468d7a6d05d4a955e90820171043310825b85a09741201ca3b5595bb074ceb6cb6773da3da0ac8df27b437daad87edd3ff00b6b171c72bbb1bc73ca4b25e9cd2fd696d30e208c35699d3f59bbf912bbc5c968c618ff3d8d77a403955bfe5c58dd18df687804187546e7041830c060c2b959e8b5b01a308190034006e5aaca411114044440445e5ef00125047de07add8028abf697cc4f1701dd0549b185eef6ac5b4d4fe632d1ae1e198f7aa29ad0b0db1b92ccd3cd78b40c969156bc599af1763e08ed5b778b147d98c1416cba6db9399bc1f6c0f68f5ada6b8e32e6efc9c38c687b5475cf870c800124e23bc999ccf610b72930cb883f58acd5483493c57ac256ac3b895f5ed708ec9f1534ada0becf3f5ad1cd7d829a1bd8c710bef4a38ad1c257d0d29a1bbd385f7e5216961e69879a23785a82fa2d8168e1e6be868e2837c5bb92fa2f13c3f1e0a3ea441cf978f78553bc2a3e9187d42384d4c33cc036f07eef720bf0bc5dc3f1e0bd7e543a71ec552bbecc63a478788123ad52493f6dea60381ab4f88049f08f6a09b65bdc78fa94c5d8310c44939e4a05a65592eda714dbe3e283691110116187f2fc772fa18779f041e9f5005aef6b9fc9ab60530bda0f14a986880bcda6887b1cc3a3811e2b2a20a35af66ebb4f55a2a09d5a403de1c47aa56855bbaa8d6954f41c7d60405d21215e438c5e7430fd211db97b541b8c1c8afd045a0eb9ad1b4dcd66a9fd659e93f74ba9b498ed21363935cb5b51d87e3ee53567ae00278927e0ae2ed90b1eada019fa85cd1e00c2d7b46c4599c4106b323736a183db8a7d49b15a16995e6adb24e531a0ee56766c4d986fac7fcd77b965ff83acbbdb50f6d5a9fc4a0a87ca0f03e09f283c1744a176d16001b49820000e11396599d49e6b38a0df35be010733e99dc3d8bd8154e8c71eef82e9a8a8e6828573a52a9dcc79f6357a6582d2ed2954ef6387b405d2513639dd3b9ad674a4eef81fb442f4db86d84ff0054473c54fdcf5d0913628add9cb5706f7b87b9441b35b71967c8ad191d7152c279822a1c975145072e7dcf6f9916174f135a87f1297b8b666d0711af14a6221c1ee3c8c6402bd22bb11563b91acd5ce79e70078295088a022220222202222022220222202222022220222202222022220222202222022220222202222022220222202222022220222202222022220222202222022220222202222022220222202222022220222202222022220222202222022220222202222022220222202222022220222202222022220fffd9);
INSERT INTO `equipos_medicos` (`id_equipo`, `nombre_equipo`, `estado`, `id_habitacion`, `img`) VALUES
(3, 'Ventilador', 0, 3, 0xffd8ffe000104a46494600010100000100010000ffdb0043000604050505040605050507060607090f0a09080809130d0e0b0f1613171716131515181b231e181a211a15151e291f212425272827181d2b2e2b262e23262726ffdb004301060707090809120a0a12261915192626262626262626262626262626262626262626262626262626262626262626262626262626262626262626262626262626ffc2001108012c012c03011100021101031101ffc4001d000100020301010101000000000000000000060703040508020109ffc4001b01010003010101010000000000000000000001020304050607ffda000c03010002100310000000f548000000000001f90f8304b0a33a768000000000000000000000e24c519b611ed73e7deba5a5705f2fc44df97aee5e7e999e73913fa000000000000000000014fe99d73d1118ef898f0c58fe0f7f6a93c4f53c9e36bd33a334d7ea525c75d889000000000000000000d44525a56b8eca66e8e9b3fc1da5fe55f70aefb7bbbfe97852499fd9a7cdab29c36d88900000000000000000080da9018db83e5fdd655ad6afc47539f4fd9b53be9f5d97d9e1f46efa47c5a2578699a2400000000000000000295be318efe5e0f7f074bc3f4e5df3ff0075f9af8fa9eefe67cfafd8da516cf78c90c5689773e9952000000000000000001e74d79e19d5c9abb73e6f37d9dae7f497f3b63bfc19873fb5622fb36a7dc4fcdab2bc35cf12000000000000000001e54db9a33b397d31dfe57573b7ea32cc4d69ace66fb134fb98f9989573edb51200000000000000000e1d6de50df9f474e7d0b7460d227dcf9f1faafa53171f0eb3ab5b24d3ea6bf329773ed9e2400000000000000001c7ada91ebf3a3569844699e91b1566329605779c2d9a63726366d499e1b7d2400000000000000001a5131cd70d9cfa79ecfc9119422d3f916e8ab318d3dc533f408fe994833d4000000000000000003e487df3e9e7b7666bf453715f3da3e22bb56b7b95703896a76eb700000000000000000010bd319567b73627b930297ac4633d2d6d2b39b4011f9ac822c0000000000000000003828d5d71cb8f4f72d9f3ad5ab269cfacd9ab4baba011db52455b8000000000000000000e6c4fd5f385dab29475b3d69ba4f22b7b634a7674a6fd2e2396a48eb70000000000000000001a90ca72a677d1b852b572ab6b6ef5e96b974b3d70cc476f94a33d80000000000000000007e1a1139e639913dc98a5693c989b66f5ec4b15e3876cb65327cb5000000000000000000039d13bb3118256529498e56d6ee94ebcb56cc37cbf22f2bcec0000000000000000000736277a6288cefa3598a4572d74d5f4fce90ed4dfb5657cfa4c30ea9752c000000000000000000073227566370e8945e6a66acbbd37cdc959fd3c9d5e4ecb5960000000000000000000352263b2ed1d345099cd1739f6f68e9a73d6d707571c973d26b87480000000000000000001f857f5bcd66bb931e7cca692b652f8d774eadd61f5f1c972d26f96e00000000000000000000a8eb7b5ed4ca79ef355dd5c3e87aef30c7a38368e27571cc79bae4d1200000000000000000000a0d361139479e73403ab8bd039f4d8b5d219b734716b3b0df62400000000000000000000a471dfa516eeedcf5f550fbe5714dfbf4be8eb97cda931c77dd98fd000000000000000000008167ac8ad48c42abab4b4ced5b4c8ab68defcf23cf4e8e7af72d5000000000000000000004329a6fda9cc85379cf2f5cadd9b7d5a9f5b6126e5edce486d5000000000000000000028bce7b17894a78955579cfe74e365d6ff00116debe7b34d2530edda00000000000000000000f20e5785d5675eb37bc40e8c9be52fadfaf4b69ccfc4c5c70db900000000000000000001e3cc74cda676a566192e2225fad3bb1392b6e356735e2eb339f4643e8000000000000000ae2b382d5e24c73ed5d646799cb95e8ccb4bb2f4fcbd549e745b890c713993d9bd2c2bc59a9000000000000000f33e768bef8cfa2d74d67a86548fc294ced69debd99003143c494b6e6b4f6544ed000000000000000f30e7681eb9da54b7a22c000a433995de2c4900078379f5ee6d97b2acdc000000000000001e78adbcfc8f4ce77bbf6cc01f87887299d746577d2f3648029cacc3e5e93980000000000000001aa66320001e12a4ed6b9fa1ab6b75200000000000000000000000007f3e73b77af4f52d961c480000000000000000000000001c02b32dd37800000000000000000000000000000000000000003fffc400371000010401020502030507050100000000030102040506001107121331401421081041202223323415353650515253161725263344ffda0008010100010c00f055cd4eee44d2982d4ddc66269f655ccdf9e7c6669d774cddf7b587a833e14f47ba1c919d3cdcc6e9b4341267f735be517f1a088f332099147232deaa223f3492c52e455bbab8f97ca2a48bbc75ead576432744b5c51feee9b24ba1d962ed6eec8d6454c103012850b590cd1c54cd7550e1c60aecf64803ff002958ba4545eca8be6711e63efb318f4215da3f1390336dc70d104e045ae8edd954015d6095223da98ee8ac30a1568448883aa63523015a89b43d93389a38b1a3065893a18442eb1e2a28d18d8ce57a96423b746bdda4311bd9553501ee2420bdebbbbc9b49c0acad956121760e24bf81637d60fe5d4d306c4a933a6f8e40b35c3dac54a553b86d558b07766fd30aa062f28b7541ef9c4979ac89153be2e370aa64cb6b7720da8c63469db4ed56a6d001e5719ecd61623e919dee866878645ab8bb218b122c992592f883420a0814ad1a4666a1441c48e11094ed1272b113f53a9070c68e590e53f2948634f5295dbac08fd1875d153d918befa5d3b505368404f2b8e535e6bfadac45fb99f580c36d184c2739d6cca646808012b71e9d54d96f915ad72999945926c9cb115e7cc27c611c9c90d590b2cb2be812812c11851e998c956416891791a88b30e4dfd9aba776df4fecba8a9b460a795c4d98b333cb27a2fb5ee4b54eb02add4c106546c8f1a715e6059c573c599e32d4d99755ccd0f33a32151597f05c4959351af3c79377058b51795644741abb28a67608c436400fed89bf49ef5eedd317645d3ba6a8bece4d4222162088d4544f2725b2eb64371315884616ecd3463255dac2f429797019cb1bd244b05a8b281624246357b224e48b0d7ff8e3e9604226fcd023bd411c1193604610138708892e7c85ed17de2855ddda8ddb49b22764d3b557ed5e0f272e31834ef503ded7de36daf6f816828ad8b2a0d7c9805972acced9b39a22c632ba1d929a4524b996f93c695b7e135fabe03dd7114d29659e8eb7accbd8cda9749583c3f6ff00c55a913bb5395ad6e99f27fd7501368404f27281756a9ccd4de1bdad074244eb285223710b16914d6b5c39f08a57faa08e32463c6b518235d56c4174410d423664d013bb0c9a665156df7ea959a6e4f52fef317581e474cdc7e7224f1f51b91d29157a12dd2342b639bf458f5bcad317202a7ddc68a3d63e3913e5488964c1c738d8d18dac6f6f22e19cf572513bc9574ec82882beeccbf99b00c545db5c5bc1538838ba52faf5804ce386d94e1c654b880be966452b5abf7dfac610cf95318e2bdc9314cc45e52bdbaf8789f34bc64a3ac9734e580c18d89b318d6fcebd9cb9659794562104f1af6a6772e4c1115139f2c8ec2d5d8732aed0a40e5c40ca0aee32886713c261b483cff80d4174c34bc69e94938f81647875b4b06435ab11646392a5895d1d8ae5e0c429359c77c587282a17fcebd51728b5febe55b2a57e4609aff664a631ea373b656618c6071f041437597e5f125ef1b1c4d623058a362ab53588d355becd2716ba3165fcea9fbe5f7ccf2eea2b254d48cff64a9b25601f5168aa1954af0c5c8eca10d3619e5478ed5539c63d1efe08d8aa2429d78c860db0e99d67cf4ecc6795836a0772b3139401948857f4ddf3a9fe34bff2ee7ee2c491f4b4aa8566c449235e7b4a5340915f2d279de2878e410fb995f25c08e08ece4009826fc46f7c6d358839504cd632114964861588f6c157808b08afe75f9532ef985f2f976a3ea571d113758454344115359200b22b6ca287d894f2d67d4429ca88d5d7c45fb9f1ad6269b047ac3bf21f56866025405777d4590094143462b0a2a45df2fb6f2d511515abda91db44707eb2951840136df585154b8d45dfbebe227f578d6b177a20469ac25dcc393a91b3a6b908c72b47675d6039d1624e01cf8823a2d70591951754ee44ca25b7cc86bd3b5981d1d15c276c9bae053632633154d284c7a6be223f5f8d6a80ca363575c3822961ca72ea4d8d6acd308878a37469757eb8be92c6b1d27153461b0b1d48d52d2eccc858ddb67f972b615cc522f639580014e55e51d8f0be5675554b7b12c995a6ff006b389f4a345a5c9509aca039c44910859b3e5bdf12c3a4244476a46719253ca3c48f358c855bc478a6dd2c71e02ba16738a564949afa2b062d41eb2c4e2be0b488fa86197218e7237953cbbe4e50c791f5cd9fff0055b00a3f6751b1818c68e26f20b5f126bb4ec7b4e98a8e6b77d462c92bf95642110638ae77e2d7c67ebd153123ecb569b63705208c9540f64e1ad2dd52e6f70db39e2921f2ed85d6ae3b3eb3dc1b3958c407b957540553c539bbb75f130fda7d0684e52cb18f51a3946e4ea239145b3b558d1ac968c6af6b823df277877d858aaf572eb45f756f96e4456ab57dd233c55990d8584832abe9e3ac5aa891d5bcaed7c4e7ef8a3d4073596217937e4095a82eb2f334519465f76ab0894a019aee0b3a6dd421aae4d327afe4e1d31e6977562fede675992321bf5215552213ab1444df7f97c4e7efba1d54578de5611fdb824013e8ad58f623c3370fc5a722b64d0405d3f02c4aace5b5124b8880672d5cb9cf1749dc3e63ff00d3dea1cce46f993f25a2a1cbae997730f15b84e515f302ee429ba08a8a9ba2ee9f137fc4343aaa6aa8d1a9ae0c2b194d345ba22eb3b968691168f772332271888d831dbd22408cc85063c462aab3ccbfaf1192de6f2310d85161c79964c308b3470aefd1855d12773c4e2cd35a6652eaac28d03292b71ebf8e668e554ca16b070450539853c4c1ebd6b55a81ae59642432aca987b4969d7253c52ccbe75ac8132505d6211bdcd388e146aa39a8e45dd3cba01b1f362164818585630a0d654487c28818da88155a76888dd9fc7431a167117d011f092a6f2e506c67ed592f5c20869c06b8ac04978aedd16309eea97b1955312256ceb029ff00171e03e050c76118aaf42b8c51a732b57cca6ad75861a95dba0a796cd96d88d899c250c822aa155c9ecce3f22a678266a807baa3b5c3f5e9d7cafeb944f6c5a86c5d95c585d2b6b10d746ddf5d5c410ce91555fcf098ab670ffb7cbc8b8ba90326b8af9092443c1b3dab9b6864ac98b2817a01d88e659511d80b48d90d74f14d86c42866f1c4c4919c89ef5455c7589d2455d622c72c2988ce6444b334d1cd6448d1cef863818fd7256c347aac1b07ba40ba616aa542a2d8387f5f2fe248102ab3d28719e4f5b4a4b105a4004263d6de833d9a556899200e38b2faa9ed086dea139f8abe856febdf016591293ae816af5c226d708b2232fa8b0302075f61a8a2b7a22b091286497082ac8d2205931334063bfb4556440831a135dd16af3797c54aabab7e2de4cb029e74c5e1b60f9840ca2d6e2d294b134b876313f1c48b92d529ac5983ad539ea0cb0c58f26763165394532c8d12c2a2be2b1ac5eb89ec3dc52c58858c591d4d50dee2d5cc2355f1a52c8ae2d8d9cd980cd223478b617360e5b6f7c6b8833182b2888c6b799e9a49b17fcc89af571bfcccd308c226ec72393c5cb388316b32b2e3ab2db10ab9491ed570ed5e46cbc9a5388f4e9abd4d915aaa72b4ec1312ceca52f224a39947597b2bff003abb036898566d259b45ab8f1933bc7b24a3b7920b5a19c27e2fd3994359311115058e5de4d6f69020d71a180fc2bcbd9ecc4807d4ae1ae6624fdd02368f88e5911555d8e5935063bf8bf9a25b85532bc82005e80b5961750713af5e360670d92f586e53227dcc50bc3ca9e2fc47553f1eca81991ccb2a1c5e21c1835069ab4174b1784f7d8ce6b34009f416f00b1f17c7a3edd2a78ba8f1e3c76724700c2df92a22a6cbaac8de88d675ff004c44dd5a28e9f5fb068d1ce9b1c032a711321b62f123234c5d912243a0c87303dfd2543e78056559256656c596e6722f89f14b34c6cee8a0770663299651719c495eaa94640ae638d448434607ec82f2bae6eaceca11c2f163b6a481246c4327a5fb38f3d920c3b17bbf1ea8dfb5b8a869025d5389c0a88407a2a3fc4f89cc32fe65a40cbe86b0d6809e7b5acbfc7b24b5a5b5815bc1ac71f69641cb485616bbec2eea8bb2ecb3ab4f8766d2e96fe4c68b3819a5055c3590db68b325709f3f85c42c6d6d011bd14bfb00e01e341ce66e44b653560625c13caa878bf36c46788b8b78d61020d945745b18409b1c231844c0858d18fece693c199712aeade605870e535b0275be298356c30c4170a204287984b5af8cc8a0fe4719ceadbb915d3510537029edb1e29866bdc8fd70a2b153d65c3dfeff00c8e6e1b8acebf1645328201edf31e0482d38841ccf1bbf5c68f4d5b1aa6b835f111dd2fe6fffc400401000020102030307090605040300000000010203001104122131516105101322404181142052718291a1b1c123326263a2b242507292c21573d1e10653e2ffda00080101000d3f00ec5c5857e29945709d690d98a1bdbb7691c2bbe46d05620d926926c81adb72d0db6c55f37bdab2dacd3e80efd1a81b9caec737035c2073f4ade308e47bca54f3b1b4e4991c8d2e6f43ad2d86d1de0d7afb6e005e53f88805bdc2c2b9361586186c18248fd776b6f0a116bfda51f4a82127a2e8d72e63a2d0fca5a2366502d424e9dd6fa90b7ca178dea34e9dd389d6def34ed64f50d3fe4f370a65049ed58689a46f0153bbcb248ddc82ece6b185b17246ef67cf29cdafb390015602b1521705aff717aa365126c5836cf7d65db975ace984190dac36b93e00d4ef92314800e7c83b563e6111fe81766ac734586663b111ce795fc103d4ae5b61a3bc1a85044b1c7a29e3efbd136d49151a963a9d2d415a43c5dcedfed151a091c6f36ff93e6746bf2ed50c1d27b4ed6f90ae4fc3e5483628926ef6f5449fae9d7ed7aec2c3bec454596dd35f2e874da688bb0c9be82dc931d68add1c7949ac5620117da16f61f014aa235e036f99907cbb5619d205e19147d4d17cee1a275d4802fa0dc05282efb76779b115c05be94741d7ab8ce8650a6fc69c16290b8763bea142dee1a549233786c1f01e6151607b54b8b9987466eda31d32fa86d14d70cd361dd9e3606d94a9d4503b130f96fdde1510bbe1e5417b6f07bebfdb15c621476e440b7a8e1a280fbf5f3320ed24ff0006d6d09cbe358004472a48ab15c927acba9d2fb4562a55958a2d9247519500bec037eda8a4738c89ae567940d80ee5eeac292ecc102e50411636e66856eb85246497f8848175aeb795ac99fa003bb2e7d7353109f0a5503cce8d7e5da49ca7c4114f26455c3871236ed0d499e40d82ccc9181b039b5b31ad85262630dc0e82f5e8c6057aabfa0d7e2068cea3257e4c0edf4ade60110f7b1aeee9714bf4ac3b1574818b01b0ed3c0d28007690971e1ad4500988e3de7f48a8b178390fa84cb50e2571314b93382ca18588a2484c761c9781fc7f83d4d5c18d2aad8163bcd70352f4ee70c4dd19842f6245701ce429fd2bda9d48a4c3141e04d79234961be339c54f1ac8877822e29c65647170c37115dd06dc339f56d4f0a942886556cf14dbf23f319261ef85fcc548fe2a3b5896cdea3afd4d31c8c0ea1835600be118f18d8a81ee039fa79bf68e6c2a7d84ef102f15f6e53dde608f0c7deaddaf1309557b5f2b8d41a8059189fbf6d46b58f8d39462b6c626c927c421f6a87a4d6adc8950c92187a54cc67240b815e965a70000dbfcc10e17e4ddae2985fc69745910d996b0f8cf246b69d145300a09b1d99b257e3361ee15b945aba49fe4bcc556945e37debced1e1fe01876b0b98786b4ca2a7c23984fe62ecf8e5ac4409291b8b283cd9e7f92d69565fad3cb90788e63a0653714615fdefdacd42e56ba40beabe9f3b546d2c5fd9232fd39af3ff8d585756a38448874b0604ece3586bc53c71c819a272b7cac06c3635949646361616d69e02c0fb7ff007db1c2c83eb4350388d6b133e2658d5dc02419dcf35e7ff0ab55d2a11959a6942edda054ce1c842b9cf71d470a479551336a501db6ef1c68c12237832f6c915a3a894bb1dc00b9a4c188461e788b264cecea4106e347d6bd0c3e3a58bf7694acfe4871322c9bb3e565e69fa3630b9688e9b9d75d69b5230d89b7c0d6cd3238a89ddb0e55f2f55ff85aa5825651c3a9db21994f81ac54630a878ca4463f7541318a35dcaa001cc127ff000ab814ac7ece68c359785f60ade63a272de194ad4122f465bbb4dc2a75668e242490e0a867b9d80eeed996e3c35ae98e3881f92ba5fdb74a7c4cb94ef0188bfc3984331f8ad330140e84734b89412235cf5ae006a98adec6c75b0a82328a4ea6c6423fc7b61a830470b858bd0eb976fee6c94912861c6dafc798e1a6fdcb4a6e4817abdb3952141dd7d80d6f1ad0994fbb5ac2e1d1ac4e8586c153491c6be00b1f8bf6d3ca8d108ced01113e04d3203cde4d2fee140eb4f8afb8c2e3ee0adeb0043ef5b5610190a26258a016dcd7ae55752917a11dfaa3fef8562679258d4edc97b2fc16fdb5f1d3db2425d5c17b9d4034c40469a3319e04a9d40346bc965fde3984e2c3d81cd885334e576945360be24d1c9040a7b9dfa883c06b5046b1a93b4802ddb57ff229f0f239f41a352bf1a9f0c18c302666243696e3ad58374388ba4882f6b0b8b1f58ac1e1de29834e33662d716aef392e3e14d8c56b4c2c42051ad0959808dc81975b0d6fa6c3504890471651f6b293651ea075f79ac2ce51194800cb7ca1803b6c0b1f6a94db3b464adfd62f4761ed9cb8931915c5ed888e46653e285bfb28146631a017b303ad7fa53023874d430e54f931c809ce4f751f49af424249c45f605bdb4a18533ab40eac329b7598696151829868f60791f42e3df607d7465337c2e01a93127aaba0215bff00923b6f27626410ca76453c72b146f56fde09a822923c561ced86541d65e3bc1ef16349c92c3c73a9f957464fbf2d0151c333fe81537234118b0d1416eb31ae47c30e95d4f525942e83c0d48d24daeaa40758fabbadba950bfbc13f37ed980c5340122d8e17bc11adfd758ebce609ba92a4ba66d0ef14f856866c3cd754c5a656b23f11725586a28e16387c967b23a860016076301bc57436e67c3cab215f42c37fcea7c047872f2eb1e1a21a5dbd263b427017a8e35be7fbd2b93ab31ee3443a5ef72b6567cc3dab0ac3c013e43fc7b64f1794f2ac33125448ff00732ee24024d0c30c5aa61817c8a281bcfc9dca2fd1ebf913777f43d0d2387952011ca82fb22947d0d4b033c9e5ce64746cdb036d22b7b213f5a0a43004422663b01b6b94eebd244a82308a0dafad86c4d7bf69a594447138b89993a50010321b19b3036bdc0148a31afd2c62578a3cf6c8da6544f46c49a62733b6a4ea4fd7b67954633c50120810a0db52c290615e69141cbdf6b1a388966f2ac2b88e44ced7033f7e9dc6e291b3c58496c15edb15f5207ac0a8c95298a92fb36d9ad6615b41b002880b26552c14b6c26a4162d396536e02d6f1ac5629e55423ed2384dad067bdca822b1d83870b12c24e68c29d6ad6b943cfc3b34088ce5f4b861704135f81e81b66965635dc156bd18813f2ae31b7d69f4cf88c42823c05e9048e710b0996129e9875b8cb5261a33b370b5412c4a31d8c4290c8002d78fbdc6a0695c2723e6b5f95884343be38cb7eda1be2945006c242753ed57fee0fd19f91153120926e761b6c03b372994c37934297962744f8835028cf3cb871144093603313de6b168cf859f112db0f8b2bf7825ac6bf1479be75ba340a3e1e661394b111af052f9d7e0d515e33e1e6fe3406b0bca2f844c20c382a5a3d1dc7166b9ac448d89748a0310c2a45d7049dac5b2d4f0a48577122f6ecb82e4f33fb72cb97e51d72963e36c4007646bddfaab0f8d8d2244d88801161c02f9d8b94122237c8e83210c368365153b85746de4dae38f9d89c5e2659fd665637ac07237d8ff513f5cd51c08ac09b90428ecb0e17c9b1f061f595155f3a3aad262488f118cc23468e2fae52769150e6f2474d933eccc3801e723997309c05923624ab83c454403c587865ce5dc6aaa48d14122a094c18bc21944991f7861b50f71f3716ef31e48d91095f52730d72d1b88a7965bcdd0dc32a05f4c6cb9ecec413162221221b6cd0dc5200a8882c140d800ee1e74dca0f1419fba18ed1a7edac4ca7158a30264d0e86e47e10d5fe9690e4885805493a9ee04ff24e4ec5e2239d24d0e612b1a4e499323548061d13700731bfbc7f2484655c5bc00becb6bbeb433c306096452db0b282728b8a845b339bb39ef663de49d4ff0038ffc400341100010302050301040905000000000000010002110310041221314020324113055051611415223342718191a12372a2c1e1ffda0008010201013f00e14da0f3c0929a1b2816cf64ace220534da8e1314d0ad540d18bd7ae766ac4d5a951f353751239cdd04ac383ab820e78ddc562f10fa54c90e3ae8bd7aa7779fdca351ff13fbaf6731e43eb08d34d6484e32e26f011107965536b32804eb6f69559a8298f1fed6652b0998d4201d05c59dbf29a9ee0d05c57d6388df37f010f6862cba03bf8588a81f59ee1e4da5609b14cb8f9287936163b9e53560702cc617b6af6c21ec1c0d19a9ae9f358f7e169d1cc0127c49fe57ad4a2033fc8a654a2e7c7a7a7f715ecfc061b159b3b0803e68b5ad96b3b46c85858ee794dd951c456a008a6611c7625ed2d2ed3f255dadc4002a78fd10c1d09984dc2516130151acfa2c2ca7b23b21708f286ca9642d24829b4e8d466669213d859b190a54a94e41042cedcf24a2c01329383496ec8b8623e43c7fd4688a2c2277b304d13e9467f9fc3e49ed86135227c7c7f5845042eedf92531c1c53f1472903caf5999b30007e88d40ed49599aa5a842244a0f6ace167598e5cdca299d851bca3681d1f8396dfbb476e82b30520f47e1e5b3505b61b5ca09bd1e3960c3a539bf89b6009590a2c67972c94bc3d7a64091af478e594d716a3507c11a86ce4130909d0466bbb61cb3d2e4104c120d88213f61cc1616720858d37b20b86eab19727ec3dc0e410b495553b6039ce6ca87afb5e6d87f41cc0d7982be874dddaf5f57d476808588a45900fe49c4401cc3d0f402195420e78d9caa12ea61c56470124efee07a0b30b1f251fb9553b40e6842ceeeb1b97ff4328f8aabdd1cd1a4dcf726302a8a026b75d1699c347844cb893cd60cd20223292d9b1ee40c04e36a70d05e984c39dce3133f34cd1c54a2d24c8425382845b020a7fd8606a91cd6c108002c6439494e4d1261119aaaa87338f399b45cf726a72a1ad4088f4da5c77361cc0f081045dddca984f4241945ee71972f087308682b2b9a6420e9d94a76e989d6254734f729d1640506b858130883620a1ca90a106a850a539ce886a00c6a814750a14285242f516753c683990b4f4b50ea312844719c814e7f50f3d6eee4cd471889401829ad3327a8020f5900a02040e74c1b1f721de5311f728f7cff00ffc4003411000103010603050801050000000000000100021103041012213140052041223242517106131550618191a13334436092b1ffda0008010301013f00f99930112ee88e3f32167d5e510deaefda73699305ff00f11a5440cdcacec6359d8d37e73309f43df370744db0d0608709f54cb0d03531068428511e01f80b03068d1f85c42ab7132809939e4403e5d553686b40171370ddb54507ba1cecfd544080a8b75714542b4d3651e1a0968c550eb1981f4379b86e9e602a148d5a8da63a98fca6f03b0b06114f4ea49fcca7f09e1eca6e796e83cd51616530d37069790d1d571c7345a1941ba536c7dcdc11b86eaa2b5f13adc37055b3f7e7d72f455fdaee2b6ba6683dcd2d7647b30bd9ca36db6da9f443c35987b440931390cfccaf8099335cff00a85c62c078670ea96b35a5cd190c22093a054bda6e234de1ec2d91a652855ab58fbcae65eeccf4cfd11b8dc374ed4aaf66a36933544af87d91a64b3f6570fa8fe1a5ceb2f64bb5eba2f8cdb8360bff0041711b554e2b4051b51c4c99cb2cd3784589a4433f653759bce970dd1d4909c30982b034286ac0d58020004cb8de34dcb50aa5caa5aa935e1af399d3ac94f735860ea9c722a565a941374373af1b96aa8c7302a5630c21d02561a90831ca1de4a0f92829930a0a2d58578f09dd0d53f3a8026a224220f234f27f77edbb77f2fd936f80a1612848cb93c7f6ddd58043ae3acf2423c9d776e68734854df1d9723a4a2405ef04648d47f46a152bf5621564c1c8f20d4eec2731ae1057ba3044a149a10174a709105372ec9bdbd7762e1ccf3041b81044854f577aef0dc6e08de482aced0190a9f887d77c6e1cb47423ea9b19faef81852d463a5d59d5daf2599842d6f1de6a3c469d3ed105596b36a6273534113bc1ca4a12a46851631c208541a1959cc1a20f0e903a6f05ce11c81aa1043fa9547373b7bf444c99bbc2a50822423735916a350f40a87709f3f90785547aa3a1529ce01a650914dd50f890003401bd320495a89b8f74a2ded2a632baacbc8a615419b5837cd982dfa2a84968bba10b0a669735c1c4c2a7db7b9ca37af2439622ebba5cc9824a710012a7050549b81806f9fdebfa2299a2b46545ce29aff7cf0d1a375f5b8ef083c9d138a6276620a6536536e16080823bc12420e0516de50d2e853bd1dd841a064a5620a5429b8111bc90a512a6e6b475502645d17657402b028dbf862e0a0729e701199db0d0a0135baf31e76e88e5b606e24010399d0a40e60485aef8f74a087c93a108a1fe3dffd9),
(4, 'Lámpara Quirúrgica', 1, 4, 0xffd8ffe000104a46494600010100000100010000ffdb00840009060710121215121213151615101817161716181818171a1a151718161818161518181d2921181a25201817213122262a2b302e2e171f3338332c37282d2e2d010a0a0a0e0d0e1b1010182b1d20252f2d2d2d2d2d2d342d2b2d2b37352b362d2b2d2d382d2d2d2d382d2d2d2d2d2d2d2d2d2d2b2d2d2d2d2d2d2d2d2d2d2d2d2dffc000110800e100e103012200021101031101ffc4001b00010003010101010000000000000000000004050603020701ffc4003c1000020102040305060306060300000000010200031104122131054151062261718113324291a1b162b2c1235272d1e1f133347382a2f01415d2ffc4001801010101010100000000000000000000000001020304ffc4001e1101010101000203010100000000000000000111022131031241a151ffda000c03010002110311003f00fb8c444044440444404444044440444404444044440444404444044440444404444044440444404444044440444404444044440444f156a0517240039981ee2569e2ca7dd5b8ea4e5f90b13f3b4fc5e22dd01f0d47d75fb4618b3890e9e3d4e87bb7ebb7cff9c9901111011110111101111011110111101111011110111101111011110111101321c5f1e6a552bf0d22540fc434627d6e3cbcccd7cf9d629ad56a8e952a0ff9b435cad69625478f94eeb8d5e87e929a9b4940ce916acc5756d8fa4b2e0f8826e87e1b11e5d3d3f5f09992d2e7b3752ecfe007d4ff004fa475e986822227308888088880888808888088880888808888088880888808888088880980ed360da95667b772a92c0f2b9d594f437d7cbd6dbf9cb11411d4aba8653b822e2165c7cdf0d581205f7973569055cc49d89daf7b0be806b24f13ecbd0a60d5a65d7258e5bdd771d75facf7528075407990a0f319aca48f43352adaa5a9566abb37826a6859c59aa5b43b8517b03d0ea4dbc4739d787f04a148dd41661f136a7d390f412ce2dd42222650888808888088880888808888088880888808888088880888808888088881078d7f80fe43ee254d23fe1ff1d3fcc25a71d6b507f21f712950a96a46e7474e44037602daeffd258bf8d544448844440444404444044440444404444044440444404444044440444404444044440aee3ffe5dfd3f32ca85603d993b06427c832932dfb41fe5dffdbf99651d604aa851724a8036b936004b17f1a8a58846f7595bc883f69d664eb5271efd07f41987d01fbce74f88e53dd761e17207c89b4bf546c226728f17a9fbcade607e9692e97183cd07a37e847eb26517112bd38b53e6197cc5ff002de48a78da6db3aebcaf63f23209113f019fb01111011110111101111011110111101111011110113c54a8145c9007526d20d6e35875f8c13f86ede1b81681631282af6957e0a64f8b10bf6bc835b8fd63cd57c85ff35e317177da1ff2f53c87e659474877a97fa94ff32caac771277d0bbb5c8bea6dd761a0d84b4a27bd4bfd4a7f9966a1f8d7cf15292b0b30047422ff0079ee265106a709c3b6f4d479777f2da706e034fe1675f507ee25ac4bb4523707a83dda80f9adbea0ce35387571f0ab791ffead34311f6a32fecaa27c1513cb30fa89fa98ba8458546b7a5fe7bcd3ca5e38803211bb937f41fd659459e0589a6849b92a093e36de7791b869fd927f081f2d249990888808888088880888808888089c6b62157de603eff2915f8bd21fbc7c87f3b40a8e31c7ab52aae8a1085200b83cd11ae75fc5f4953538de26a1b7b46d7e1416df90b6b26e2f254ace5b44aaca6e77002a29db9f74cd4e142651ecf2e5e596d6fa4ad6b154f86e26a6bec9cf8b9b1ff99bc9f47b3758fbce8a3c2ec7f49a94aca49008246e0106de73a426a8a8f66298f7dddbe4a3e9afd64da3c170ebb5353fc5defcd79611226abf8b6149a0e94d45caf754580d08d3a4ce70fc3e2daa206a0c8a8e8598b2daca4136ebb729b388088880888808888099eed5e2821a5a816cec49d82802e4f4de5c52c753662a1812a6c4788dc0ebe9325db3c614c422dbdea62d7eb99eff00a42c69b81570f4548234b836e4413fd0fa8961293b26f7a44e9ef1bdb6be55bcbb842222022220222202227976005cec207e54a814124d80de53e2f89b1d13ba3af33e5d3ef23e33186a1d3451b0fd4ce151d505d8dbefe923739cf6107e73f1a999171f8caa899853201361b5cdc120d8ec2c379e31b4f328149daa557be51a5b42ba91d2c7aef3a4e2b37b8eef48f8ce24b00402466d0d8917f391b8b54a546905208c46526d7dac97ccc06ca581b5b7161d64914d928a556706e2ec05c81b6c75fde1fda6beacfda2ef84d20a89501beb95bc89b7d0e53e52f26370f8daa1592880ded74b1b9b122d7d08dc5be535f46f9466dec2fe76d673b315ee22240888808888088880951c731d94d3a21c23620919c9b65502ec47e2d401e265bca1ed7e151a8e7360d4cf74f5cc402bfaff00b608a6e3a94919695124641deb72236d79b6f7f29078931c4156abab53160763ebe323d3a8068359dbdad8f7811e62592ba2cf81f1334015cb9958df7b1bd80fd07ca69f09c4e9d4d01b1e874f972332387507620f949b4a94b8cd8d744a7c1e2d9743a8fafce5ad2a8185c496632f711120444404a4e3d8bda98e7ab7e83f5f94bb989c563012f54eb998dbcbe1fa5a1ae679767af96ca05ddb403cf99f0949da6a55e8bd36bb305ef552a0e966d2c7a68648e3386ad8754af9fbeda14ca2c03abeb726d75b0f5f0974aad8bc38556281c1cecc2e594a657d16c2e7c361c868075e67d7cb1d75b711780f6929d7508c55aa9b0ef0b2b1cda05bf5522fd2de523f10c6a70f6043abbbd8b530a0161ad8a1e80b017d7e969f31c47116c3629a8205a8a8ed6aa412100b0cc2def66b2900df4b1e72df8f616bd5aa8d4eae615322ab95baaae539c3d41a58ed6b820dfc26bc6b3971ade003354f6d884774a8140622e8a4290c18f30b6163b0d79d80ed86c6915d05456f6395422823d9e6eee670367160dd753b74aee11c7aa54c153a79156e8426e03535421ae46a2e0119ae2e41db95a6338fbb351514f29069934f420924e55520f2dedf87d0cdd475a18e0318004c83ba46996e198ab69eabf39b79f3ee258ea9531f4a9b02acaac4d3b825733e1d4162341721ac013a0bf39f419cfa6e111132a4444044440444404c9f6ceb167a544102fa9be82ec7226a7fddf39ac989edd516f6d4181b0628a4daf6b5541b73f7c692f3ec4918714690050675b3861624e9b827c48d3a4f0f4c574576b5e905d2c6c482102ebb5efb7533af11a7597d91477375d2f63a81b30d395cdff0f5dfcd7c68f68dedd2ca3de02ec081aa91b59ac6c7c39cf472e6af5c9597f67912ad3049b699826a585b417bdb5e6b25d1ab5105dc664b91997752080730f336f43d263f8d717c3a563ec991030370da119fde17e96f2bf8cd6f0ea987ab456aa6bed46a1df5f7800ccc34bfdf9475cc596c5c502ac0329041e724d272a7f4eb33a3114290cf42af5fd9b7c4a0b1b9e84016074f74ef2f387e312b2e643d2e398bfdc78ce767fad6ae29b822e27a9068be53e077fe7274e7662911120f158d949e809981c160aa576088728a41496e96e5a7336b7a19b7e266d46a9e88ff0094cf9ff67abd67c4bd0a6eca1a9ab960010ac59ec493cc856503c49e5a6b986f85e53c661a9d6aa951c92a0595ac5555866d2fc94d96dcba6b282a63f14e6b2d2d4300c2920d7238d4822c14586df8bd64ce1f4169e2eaa5675a84aaa84b6e0a96ced7e8d957a6b6e93ae071ac8b5eb251c8ad7b54d3d9e4514d532db602cdb0e7bf4e8e4acec5f65e99a79b1080aad4aac88d73dfbd9d9b36ae998365046d626f716d663f134c80b7dadd6d61a5ae36f317d8199ec2f1460a293b0cca6cde3a0235e7bdff00b4b0c7d2614fda58e5009eba004df4e569cf7cbb67871c7b50a7450a5204254ef05f74fed333ab5b420dd4db6bf5179deaf116629880a1930e183358b6525133904f4ca45c6d76bc8dd9de24f8aa3528ad314c0041626ea4307058e9ef1b83e68794ad7e31532bf0eba97bbd1394316c855d7369a5867537b824e96048336e6b7e00cb8bc73e296e51145307423b858dd08e459fe749b7136f2afb3bc2970d4569816206be7d2fcffb9e72d273b5b222240888808888088880949daec01ab876c97cf4bbea46fa6f6ea6da81d4097710317c317dae195ddbbf4ee32e602dabae5beb61653a9ebeb3aa52356ab35646283bc1b55b2f79ee4837b8bd80f3de43e31c28d1c40200342b15bfe1008361ebb0e57161ef113f158b4a697a4cac84076526e029d085ea09626dcc83ae969e8977d39d8c3633b38f57104522977aa6aae7536cab60a99c5eda0e9cfa6b3cf68281a0829046cc6c593dd2546b995802a5ae2c08bdc686c4585f70ee22c2afba343a0235b1dae7ad8f9741359570b4b154ec746437427757e47c469ebe7b627c95d3eac3f67b02cea6a8d698cd7008cfee8bb6bee9d56f6f1e934c3879c3dda936b4f5cbb960c549561e17dc787a50f02c1d7c12396527da860c2dee9cc490a7d3636b83e92c550d702b23e614c862ba82b72469d7451bced7cfbbe1ca786a70f5d6a2075d9be8798326e15ae3cb499dc0db0f5112ff00b3c40d01372af7b0bf9e83cfca5e614d9c8ea2ff002fef3cfd3a44c8889855271de26141a4962cc08627650473ea6dcbfb1f9cb711ad87af4cd3bdab914980b69503134cff00cea89a6ffc8dc1d5cb1046e4bdcdc0f1bce38dec9557a6ceca0e6d7d97c56b6a436d9bc3ea769ae2e35d49891c7f85d322e097c455ee581205c377aca35ca0e82e79ebbc8dc5ab62170e30e6914360542f7d458afb34db525909f53335c29f1386c41637a8a03283662eb71b941760da0bd8116fa4de0fdaa53c40d5ae0e88e07bc32b96cc02ad4b1240ccb7b0f7db94e9fd72c6846168d5a34f0e291f6a809cae0ad4cc54167274bdd836bb1d3c26868e0c3515a5547c215c03e1a8b8e5cbca6353b4750f100f4c16a269652c41c8ac5b30ef6da59473ddbae9a8a388f6941c54390d4ccabd751a32ee398d751a098ab1806c4d6a5c46ad1c20734c8a7dd0732f7915831bf89751bb5af60d6b4fa0767fb3cb49debd417ad54dc9b0d3969d0db4e7b9d492499fc3383d2a3a800b1d4b5adad80d072d001b936005f496525eb564222265488880888808888088880888811f1b855aa8518687fef3ff00a6e41d0cc0d2e11530f8c5f6c73d155608c45f2e67d8e973ab1398dcee09bd8bfd1a47c66112aae561a723cc1dae2fea3a10483712f3d6258cff00feae8d4af990eda68741cc0f0dc7a11e9e571269336504e4cc0d81b1d0ff002fa497c2b0430c950dd9ec59b524926c00505b53a2aa8b9276d4ef2a309c453175aad20582a15199580058dd4b29dec6cdd77be9733a492d4dc8f54bda9c2d52d77cceecd94eda1037d941b1f2139635452a06b506c9739b211be4205cf5d5adea2f3de05992ab50a4c86caae033db30cc08034360c0aea2e05ccf34f0152ab14cddea4482877080ab95cdf12dd85ae3911ca75f0c9ff881f0c1d6eac997ba4ea4e53700723fc84d2706afed156a732963fc57b1faa9993ed656a62966a042d4d8b0396f99945801b91bf51af8cd0f638fec9bc18dbcb7fbde73f93d35cafe22271691d3054c39a81143b6ec00cc7ccef244440878ce1742aff894d58f5b6bf31ace29c070cbeea5bc99c7d9a594408987e19450dd69a83fbd6bb73f88ebce7aad81a6eeaec2ec9b1b9eb7171b1b4931011110111101111011110111101111011110111102af02ccf9d2a258876be84ab292729d74d4106daf3e86d5dc47b28858d5a24a3b0b30b901874cc2f6e972090341966962596c1f2cc4f0bc7e1b10d5c80433062f63a5b3651b90575b6acbb2ed6b4f7578cd6158b2820300bdd7a649516f78e720136dc1b8b9de7d3c891db01449b9a6849e65549f9da6e7c9531f29a386ab56a97721cb3160abeefb43bb6bd395f61ce6f785614d0086f716caf6d88b96b8f152c7d2fe97589c1a3a14234e56d2c46c57a112ba861eb0fd9b0b8db38b588eb6e47c22f5bec5c445e27357ec44404444044440444404444044440444404444044440444404444044440444404444044440444404444044440444404444044440444404444044440444404444044440444404444044440fffd9),
(5, 'Ecógrafo', 1, 5, 0xffd8ffe000104a46494600010100000100010000ffdb00840009060712131213121212151612151821181815161715181515151b16181815171815191d28201a1d251d171a213222252b2b2e2e2e17203538332d37282d2e2b010a0a0a0e0d0e1710101a2b1d161d2d2d2d2d2d2d2d2b2d2d2b2d2d2d2d2b2d2b2b312b2d2d2b2b2d2c2d2d2d2b372d2b37382b2b2b2d2b2d2d38382d2f2b2d2bffc000110800e000e003012200021101031101ffc4001c0001000202030100000000000000000000000607040501020308ffc4004c10000201020304060508040a0b01000000010200031104122105314151060722617181133291a1b11423425272b2c1d1152433f008435362737492a2c2e11734636482839394c3d2f116ffc400160101010100000000000000000000000000000102ffc4001b11010101000203000000000000000000000001113161022122ffda000c03010002110311003f00bc622202222022220222202222047ba51d30c3e05a9ad61509a8095c8a0e8a4037b91cc4d1375b183e14b107fe1a43ff00248bff000833ae1ffa37fbf4e52f8c5ca1ac58d88172081a8beb71eb7779ca3e8d3d6be1b850ade6698ff119d7fd2ad0fe41bcea209f33262d86a0d8dadb871df386c431de6fe320fa5ea75af446ea4be75d47f84cc5a9d6ea70a34bfee07fe93e7f3b3abf0008b5ee0aeef3fdf598d89f4884a13eedfcb78817fd5eb8b953a1ff00549f8098f57ae2a83f8ba03c4d4f66f943d2aac48b936b5b4dfa036b4c9a3533100b31d2fda3a78f8ca3e8ae82f5815f1b8b5a0e944536a4f5032070d746a606f622c739e1c258f286ea507ebd47faad4fbf425f31422224088880888808888088880888808888088880888814c7f082df871fecdf76ff005e9ca5f146d4dc0cb6ce2e03336badb7f0d4ebc759737f086df43fa27fbe929ada27b2ff006edea15dc3bc9d38dbbaf031303851533ddc2e54671717cc545c2f899c6cfc23d4755a6b98dc0ddd917200cdc85cda75c2d60b9aea1aea575e048b06f2df33e862bd1503e8dc7a4aa6cc05f32a8bdb5e1e50257fa585b2bfa36a8c2ff343436df739801e573ced221b6b106a3dcfd116b71038701cccf1a154e84dfb8f7eba5fce75c753218661624036e23c7940f2a1bf871de2fc0f03a4cac254ed70ddc80d7c40985974bdf8ee9eb84de7c205d3d492feb94cff00babfbde8fe52f3948751a3f58079618fbda9fe52ef968444481111011110111101111011110111101111011110296fe108d66c3ff46df7d251b5ea83f4998efed0b6bc75b9bcbdbafec3977c328e34dc5ec6deba4a707475beb8f619469226f3ff00ce37f28bec3395e8e9fe553d8641aac2e3aad3bfa3a8e97df958807c40df3c5dc9372493ccc91fe86166fd95cdac7b7d9b1d6c371b8d35befd278d5d89737cf4c0e42ff18c1a25527402f32f6761d99880a49b72ef00ccf7d826e48a8a05f4de6c395ec2f39c36c9286e5e99d3712470ee9705b3d441f9f6feae3e225db294ea200188acb704ad051a7dab13ee975c5088890222202222022220222202222022220222202222027169cc40e328e538c83909da2075c8390f64d76d7c42a82ba0d2ec74d13f33bbdb32b68e3051a6f55b728be9bf9486ed93e92aa53607d235d85c8cbdad339b0b8212ea39076e72c896a1bb43663e271288a3e7abb5fba9a6b6b8e596ec7c84ba69d1000161a0b6e120fd5d527ad5b158ca94b2296f47409e2809ce40f25d7c47093c97ca91c05037013988995222202222022220222202222022220222202222022220263e3f14b4a954aafa2d342e7c14127e1322437ad9da5e876754506cd598521de09cce3cd15879c08053eb831bf4a9503e14ea5aff00db9ec3ae7c40df468fb2a8fc654a2b54b9caef96f7cabcb7e93d97115987ed0ae639487de74dfbf4135f39da7bde966ed3eb69ebd26a4d4a980d6b952f71660dc41e530074fc9ac2ae452d97205ce7c06b6958fa2a794dd0e7e06c40b7783c664ec3c30352e06ef1895717cecee9b62e8d2a74ff0044d4ca8a0022a1d45b7dbd1ef3bfce493a1dd2d6c73d646c2b503442e6ccd7377bd85b28b682fe627cfa2abe65019c0b13a580b1361dff0044fb65dfd4e60cae09aa9b935aab35cefcab6a635f156f6c82791112044440444404444044440444404444044440444404c5c663929fac7f09c62768d242159d431dc2e2e794aa7a77b46a56a842b0c96b8cad7ca35166000d6c75d78dada6a127c4f4cd9aa9146cc14e4ca2cc59bba9db393af3de3b8c8675b58fad50e1f0e5f3d65a65de9adbb355c59534de56c7c8f7cd2606932d9b3b0237152540d2c6d6dfa71d77cf1ab8c56cf4406b0166d32eff00aafbefde25c4d437e418917cb49b91b153a6eb1d66486c40a654d0af988b5c0baeeb0d00dd6b0dfc249fe50335346a647a25e482938b0033adfb6402482c34f693e4d8b406a2e621c8cc18e6cb4472a44e8a01e1a81af2b462a0ff0024aa3f88a83fe5bfe379bad9187294cb30b13cee34bdb8eedd3783189969b0aa05303b6c58815ac2d77726ea6e06ab6b963bed39c456a44e8a013a0bd46b9f00c6e6306a30ea0bb9d34d371074163bfbef1b3f6f6d1a67252c4e2112fd945760a013b82ee1be6fb636c46aacacff00eaecc4310ca3417b802f98f29391b1b0d916a51ca19486526dab2b5c6a4731c6fba5c4d4c767edb34929d2acb50baa852ce183b902ccc0b7ac49d7849151aa194329b822e2446855c4351aab8960fd8254fcddc328b861900e5247b19ef4c775bdb9149f79320ce8889148888088880888808888088880888808888102eb49b114f0d6c32125d8067500ba26a5adc75b0171c0995352da55d00ce971fce5b7be5f9d20c1bd4cb94d96c75e44ee3f0f64c3c26c9a429d357ceaca0662a6e18fd23a026c6514d52dac87d6a441e6a47e3396c4d12437ce0b106c40234e638cb7f6b6cdc2bdc0c2526dddaf462fbf5d32cd1e33a35846416a229b6b72a2c77e9a1d069dd1a2b9dab8f159cbbd53726ffb302d6160011a81dd35952a27f29a7d932c7add13c29b10a40040619aa6b7bf6890da0047be747e8860b852563dd5ab79fd38d159b62140b03a72cba1bcf4d9582389aab4d01b022e6d72a3768bc4f749aed9e8b60ac1511d0deecc9518b01cbb7987e3a4f1d9983a546a7a0c3672746a951c8250736b002fc02ff9c224b83d9d470f485205b28d6cebda24ef3626c3c04f6f97d2a69eaab65e4a2e2e7c48bf1f2dd31b6a61d7126f56ecca00cd7dc06a077e973ef9ea3642b11497b09eb1b5d8936b775cdec6f20e9d1ddaa6a550955c0f499a9a2ee1728c4803c158f94b0f638ec12371636f2ecfe121580d8e987a8aaae5eb37ab7000527b24f1e0dbfc64fb0b40222a0e02d7e7ccca47ac4448a444404444044440444404444044440444404e8d454ef507c84ef1035bb428a80028b13c75dd35552937d66f699bac70b9f2984f4c408d6d3a0e3733ff0069a4471eb89b9f5cf219aa11e766963d3c2e5162ece7eb35affdd007ba7854a5fbd872bc22afc3d1c6b9ca15506eb956161ceecc66f705855a29e8e9dcdfb4ce6d9ea37163f5472f74df6d103b434caa2ee6dbf9279f1f2e735ab418d95ad9dfb4f6bf652fa2fe1e4615df08d616e7c780079775f5ef3a99b9c3545a68d598ee1a58cd6b53eeddcad3269d3ced4691f5402ec39dad6fef189ca56c7a378166aa2bd41db6d40fa896361edb4984d6ec9a7bdbc87e3f84d94b6926111122911101111011110111101111011110111101111030b19bcf84c47332f167b5315e063b19838daf9469ab13651e5bcf7099b88a961dfc07e3e135b55b2ddceae770fdf84835f8a5032d3be8bf39518f1e22fe275f64e3088482ec357d6dc97e88f67c4ce0d0ccd90ea4f6ea1e7f557dd7f01df35bb736ad5a75928d14a64e52ec5c91a02a34b03f5afaf23681b561bff7e027bece1f3e7ba98f7b7f94d4747f69fca68fa42991831575e4ebbedeef84dc6cd3f3eff607de69a89533c1ad917c2fedd67b4f3c3faabe03e13d2452222022220222202222022220222202222022220222206a76a552a188dfff00c13068b3117bcc8db47b2fe23e2278613d5906256663adc139b2fb0d80fc7ce6254a8c581b0373a7c07efde668ced2298c343b5db70c2fbc1b6b7f77b273b2368feb4d45d89c859ee7ea817e1fceb7b651b2a389cacc08bb3316bdfc80f2000f298db5365d2c458b870c37323156d0dc5c8df63a8bf19a7a58f3e9ca13ea6fb92743737bc91ecdc7d3aab9a9d44700d89560c01e46d22c74c1e0128d314d010a39925893bd998ef279ccdc15222b31e0c8083e04dc7bc4ef8bfa3e13270deaaf84b12a4f47d51e03e13bceb4f70f09da02222022220222202222022220222202222022220222206836e1ecbf88fbc263e14dd34e53d36e9d1c778f889846817a4c972330b5c6f1e12080d6c517da14eb05361a9035b65b5c5fca7aec9c48fd2355ec5835373602e4df2f0e3241576256bb11886b100052ab6167cc5afab1245d77eee135edb1f14a1c8346e72e5ca851800a43e66e249b1d00b4b298d0d5aa4e29f43aa8f61cec2fed9e9d528fd5eb7f4bfe113231183c4530f517094d98b1000a8496a617b399891624dc71b4dcf45b0229515f985a2cfda6a6accc01ddbcf7092ac6f7187d5f099587f557c3f29858c3eaf84cda1eaafd9fca58952a4dc2733c2be2a9d300d47541cd881f19d307b4a8d52452ad4ea15de11d588f100e9032a22202222022220222202222022220222202222079e22baa2b3bb054505998e81540b924f0004a6ba5bd6655aac530b7a747836ea8e3eb1e2a3901af3e5259d6f639861e9e194dbd39258ff329e5256fdeccbe408e329cafb38adf3684fb3ba58255d5ff0048ea1a9568d572c0daa2dcdedf45c0e43d536ef32caa38e16dd28fa584f40d4eb61ea3bd5c9dbcca8aaac4eaaab98e65b01a937b8bd86e1b3a3d3ec653d1e8230e795d7df72241709c489e6d59657382eb211bd7c3b0fb2e1be204d9d2e9c611b79a8be297fba4c8a97b053ca741485e4753a4b846dd5d07dabafde027b2ed0a4dead543e0ebf9caad8ed4aeaa7520055d492001bf799a4db7d33a54d0261d83d4b0058769179ebb98f0b0d071e4613d25e909ac59699f99536fb6799eee43f71e181c154a8eb4a9ab3d46d028d49fc80f6096334e926d8af8825ea3b76b85ceee5e1dc2c3ba6d7aa47f458f5a86ad3a74fd1b2d4ceea80ab0ec8009ed1ce14f8033dba6fd18fd1f82a756b1cd88ad55698553d8a4b959d8dfe9b762dc8663bed7902a441c88da966b9beb7007e644bca3eb64704020820ea08dc47020ced223d56e259b008adfc531a6bb8760005469c835bca4ba654888808888088880888808888088880888815875c9b5c014b0cbebafce93c00ed2a8f3d4f90e72a55db619b254424fd6074f0fdefbe4a3ad9c594da758383959502f70f46beebe6f6483aaeeefb9f6b1f80b0f2944c767f47f155688af428547a4c480572b1ba92ac32039b78e530f1785ad4bf694aad3fb74dd07bc4b7fa9fc3b26cca45be9bbb8fb39c807cf2dfce4d641f2c54c483b9819e46bfd9f74fa7b19b1b0d57f6b87a353edd346f889a7c4740365befc1521f6014fb8440f9e3e50bc42dbc6df8cf2af8ea76b228bf16b93a775e7d03fe8bb645eff0024f6d5c47c3d24a3ba5af8738babf24a2b46951a869264cc0b64366a8c6e6e4b5ec790581e38100845decec15546accc4e81546a65e1d5ef434e173622b7eddd72aaf0a49bc8fb474bf2000e7296e886d2ab86c61c453d569b0bae84d45b5aa2e6606d737d46b79f4f52a819430dc45c781d44a205d746c1af8ac1d3f93d3351e955ce517562851d4951c48254db95e55189e81e3f094e862abd3055ec0a2667a9489b91e9142d9795c13ad84fa5e23447ba05b3da8e0a92ba9576bb9522c4663750470396d71ce4862240888808888088880888808888088880888811de93f427058f646c552ccc9a02199095bdf2b1522e2fecb9b5ae6697a43d55e0b13552a296a0a000f4e8845470390b7618ee247c7593c881e585c3a5344a74d42a2285551a05502ca00e4009eb110111103833e43c4e20a97460430258df9f107cc4faf64669740b672e29b1830ca6bb12d7258a066f59853272863bef6de4981f3eec45d328d589b0e64d801ed27df3ea3c2d2ca88bf5540f600243367f56785a58d38a576299fd22d0b0c8952f7b83bf283a85e161c05a4e25a11112044440444404444044440fffd9);
INSERT INTO `equipos_medicos` (`id_equipo`, `nombre_equipo`, `estado`, `id_habitacion`, `img`) VALUES
(6, 'Computadora A15', 1, 2, 0x524946460e5c000057454250565038580a000000280000001f030057020049434350a8010000000001a86c636d73021000006d6e74725247422058595a2007dc00010019000300290039616373704150504c0000000000000000000000000000000000000000000000000000f6d6000100000000d32d6c636d7300000000000000000000000000000000000000000000000000000000000000000000000000000000000000000000000964657363000000f00000005f637072740000014c0000000c7774707400000158000000147258595a0000016c000000146758595a00000180000000146258595a0000019400000014725452430000010c00000040675452430000010c00000040625452430000010c000000406465736300000000000000056332636900000000000000000000000063757276000000000000001a000000cb01c903630592086b0bf6103f15511b3421f1299032183b92460551775ded6b707a0589b19a7cac69bf7dd3c3e930ffff74657874000000004343300058595a20000000000000f6d6000100000000d32d58595a200000000000006fa2000038f50000039058595a2000000000000062990000b785000018da58595a2000000000000024a000000f840000b6cf565038207e59000030be019d012a200358023e45228e45a2a2212ba21449a1700889696edcbf38fdf2fb5c99adf975ce6ceaf2067182858cc656b06ca6267867fffe4dffe1d50f94927bd0f7c62029ea3370ef3ef7a40ff89e901d4b1d15fead9fe3fce5bd403ffff0367d13f69bd27fd03fa1ff75f971e7cf9f3f807ba7f1fbfa7666fe2bfc7f33bf9dfe16fde7f7ffdd2f8f9fe17fdcf0f7f70fe63fe67a847e61fd6bfc8ff7afdc7fcccfb51eef7771f0bff23d03bdb0fa87fa9ff17fe07fea7f91f8a2fadfdabf56fecbffe5f700fe6dfd3bfd8fe767c89ff77feef9327d63fe2fed6fe207d83ff34fee3ff97fccfe67fd46ff97ff93fd67faefdbaf7dffb07fa9ffc1febff2cfec3ff9a7f64ff97fe0ff7c3fd8fffffffff7bfffffdcc7eea7ff2f751fdaefff62db4a4d5f8c7ece37e888b8526afc63f671bf4445c29357e31fb38dfa222e149abf18fd9c6fd11170a4d5f8c7ece37e888b8526afc63f671bf4445c29357e31fb38dfa222e149abf18fd9c6fd11170a4d5f8c7ece37e888b8526afc63f671bf4445c29228c610911a113c32a94aaceb01ab9f4f15184546114aace6a39622eb676089a80460dd17a98666ef41d35c9328242c8f895a5809e57b4d5f8c7ece37e888b8526afc3164bafb2c4e4a6c0c16dbf13a309061d907823fca4d73f6df7a0229b76258e9c2cf3c49491bf9e027393c0966b61965ebc16777a8e70cd147733126883790b22b81244e238cdde6dbbece37e888b8526afc63f671b87c710f319fc7955f3a285e1146c993d9dd2efb6524a854e388b362af5e8ad70a6fadbb6b03d3b11d31898c6253ea3cca1279ee8aafd250be5fd9c6fd11170a4d5f8c7e3f2da18a334bfd207d471f4890a25d70282a4562c17b642c07d95dc6da5f12f43e7247cb584021d8c438feb9930f3b544106bddfda53b74b58006fd0f900df248745f10a48d0fb96eda48fd9c578b1cf191edb4ff0ac912a904edd99c6fb1a243a028ea3a4491bdfdb728e5854bee3c2a35e53fe949f921438eb1e7cebdd9e94a4d5f85b8706c8a2f935a61cce18694bc389221fd6a362813a19e731980c8f4689736a5c30b4efa8a296390ecc13665131c9a02676aa404b29a24a20d418bfc9492b06c152a7889c3a970daaeed7f3d5a4642c460d6883a3f113ed9e4447cb16c721d8b882156f304cec0c2217bf8c5ea574d364d3f802733fb7bef6149abe5ea25f391d681dddb47de0a92e8c55204ebd4280865f6a7f5d56915883fbd8b84a4e2faac80fdd852307c463fac97867ba3bce90ee4d39116d63a3e332dd67221e05abf9b0566d988058edac1c3441a00324f1445f8c76fb1037e8b41be023bd51f9021ba14905aec4eec05b15ad907692b1c87513518efab4948145d0b1bd4b98bb02c6e67645c1ac9140bcabe2becffa54b92eaf78e8801692f0fa7bdb9f4d91b8234b11452c721db796155d0d10514b5b30eda0187fb42df2db33797c0a890e9592ce1775488e4959f0861774eed9bf04659e65290004b44467603735f2fec407e46db98af1b51c386730fbde0a452df45a2980e542a389fa222daf8cf2297c3910ce5bdef93180c37a429a0f26b3904d02a95671d38a2a12b6bc30405a1572dd6ff225aa653e6a41135bc97f639357e173256266e331113766c1d9cd972ce43ad4e0c8a3508617a7e456afc63f1e10e30ddfafe935449cb9ba168d253c13f7086f7cd97d47ad4a9ee6267252235b91e61c9ea64a1429af953b2282a206d9d1c2d772ea2920d6e5994123e734f5e88ca0ac2493edf220bfbcacf662dd53b7a217652871bca31b7b0cae9fd82bdd376ba0fc421589f8f94b0acbecd15dcec5b7647e6a822ef34edc1844ac597d9c09a7f1b8dbb70bfae2c07910f22928f77e424ed4ae8f44684c1eae703606477066cf85c38ca81221a1042c85bcac56466aabbb566a6bd7aed3bb38fa3fcbaed0f6b17df6f830f4dca9cfabe17001d69861829a0b503e28629fa358c0536bd19714b51c087fd636935031acd07bb1ae7b6f57cbdd80476a61099875160da007e7aeff4f616a3ac28a9aa6c423e781adcdfa7f11c19cc6de92523f28e2fb0ddad7e48234f0500f6dc88109d8461b524f38f41618eb7d0bee6899fe9c72f3f43aabd1caebbd699182026e7042c2ba0057362052769422475c724ce2938076bd1e2b89779821d5d71f5daa79eed33e91fdc34434c83386f3549d0093cc5c43751ac75711ed70f6d180f39ba6ed63c7d205f082bb4d8ec9c2debb2c6cb2277437bf4189283a7ac2bd43a5e113259853bdbdfa006205173b111a76b00b7c75121ecf3e01ba151fcf0d6956d8ebdf8e6c599eea693365e69966ff4b637d578f5a56c092542a76053436f46135b852bbbcdfa3ff7cfd2081d054298da51f5e282b0c3a266c9ad73ca00df61c07cd468a4365639a66f24e40e64a14029a9f6c4fa81a3693463f61dcb046f4f519095b9a61091df0d26c32b028681a083274c831edf4abb75db4e946be4e5ceca4085c53cbed6721d3f5d1ab4212131513441d621e91355aa126e1b3f57ecb3ccad8e3b4c7018566febddfff29d45ca9f05400442ed638951d49103405b4828e2462274a6b125a02e7d4708cb56669eb51e2251e54016d9f13010d649a91a87efcf9f9f2eaf939b8d67b10d628160978a52a591414e24fbda4df1a4724fc1d15e3e37e666a76731100ec4513d7f970d95a1963d7b5fa8fe5ccea0a7afc66f9fd7bf387821eaeea2240840e1ee45b1c75101f89f9ef7b567b7efdd58e13bc4313a7a811cffe74289799a56fca545501669ea31dc4f5fc9725c17e6657364b276c5aa8f7473f05aaf3033df2c57ae48a3285539b8524694d865e976f119fc0f8b8489008c94d8bdfd933216d06792eebc78c0e2ac079898491fb110bdd3c0aa8f2904c6ea849fa2e28d7ac1e407295ca752716f56b711164e9e81a3a7584ca97a0d8f64cbbf9770b71b7aece383214a13b2044080093a1d63cfd4894ec4fed6efd938354aae8a6ea7ed7e7d19f57739aa657c674a3c106d71e6262b87110447f160ddca0455dac39588549bc0cbbc99ea123f2c17a044e117784e8e9a480884aac7813594e06007a61bc05cbf72436abe5e534c56198c6f471a45e4899e019b7e946e7f4b38dfa1ccc48e5db43f19487f276b544e22758e60bf1eeaa1f6a8cfc0aa3db374df8e984204bd53cfac4a289c50c1b0ae5d2e0402128ec1bc0290d7f2783f9106bd030214bf9ca2858606d90503ada88c190369634358493821116ef9ce211416beb5a300f247901142145b8c1e74f35f894f10ef877df3b2ab4e71b46c7add53391f9bf2a89b0595a6d618719496c6b34860005057cbb2b1f6abdc945d302c83570505f59429bbd326ea9abfed616925fcf6ce929dd467761c6ff1de1e2d73b4ccda18c59f87decaa0d66ffdd9142d1e37e8889e80dcfe6bf6861b6fe9a1183921dc60c1710a904736182cbf5b1afc04b2facdf66d433a0c7e7904af58b8283c658d4d031279530ea14f3d6c7208598a46791a4508306b8f8187476bc7695d3a5a5f59a94155beb7bf95ce5ce9aeab8f2e7909b09bb3a8c00660e75f79dc849e414e9a01fb4dbc485f8bc05bceede523aa7a03f36185578245d08e02ac04486a3bb467ff5964079a28bdd25fccc3bd502379a097de597b8636596826f77fd70784d151f5bab59e54bce57513f75394947f522b0a3a8df18b75d5535e9ac8d69ec0f4f32170c5357e31f906ea3958b6d2db1f0b7eda2ef7d8a9410aaa0a8dd536716ef42facb8121830cbdce48266c43b04559579e5b944729460cc34eeeea4a588d4103bbe0cbcdcec1cf0551c58748d722b4dbf5362bc5511c2e5f5fcd7461887fae0984c4820b390d4d7f10d1e80b8aa9aff4ec8876a456b0e9be6961b377efc30710e3d83f7e5be91419ca29e746be3e08e9c20d5849ea2f51c2edfacadf5fa1eedbc3bc134f6d3471be07cc89c90e6da19c6de73ae4e414a958fd47f1ac2711d91ec769e0e64074e94ae4ff9495dc73efab972dbe6cdd67bc2658226476c5f8c7ece37e87a02ed211166d6b1932934f370a0768ab6987b21739b10579f7880d29e33919588106fa2f3f0678069ec429d2f0e4c661e8958f59d264945f8fdb4f6a692a5ee4710a1304b7edbbf3de9379f8ce060cb372d754a48bf8471f682d2d2adc03983722fa8612845d757dea654a47f236f09f66b9e23dfd92e0ef450e2568cdf97a311d574d05a6d968d69fdf0addbe27da3fa42d68bd05d24a8045525150cd59923031622981a640487f85b3cd39c67173768cadca7ecd2d55badd95b9f59be255dbede393280c9abf18fd9c6e28d213c7932029e203248aad03046119a4968f6e1b96aa8c97b2578cd651b3c0e7c95c45f6aa585a84bcc142f27d2797e5977c54fb4577574868f88887bb3d2a6cfc7ef4695ab0d8e26bd2befd88591926dde0fde6b22a5db24c8b4d6371c7dfab3cf4521e572dc2c75a386db45ee352453066c86adae99289c903d76e2ac099fa3b6c60cf0f366c6591307167d2bad108d1a4ceabe4b07b2110c61dfcfb25ef83a7fef3001c0192d0923f671bf4445b66f5272fafee6ba6f735d64d2c273121ec550f96937a92ec3fee19a34dc9bdf0f1426edf57c45767ca6a87819f6a576ff2bc6a1ebd94ece7c5735e6a60b630ac532bc8a6cffee7146ddb7c7009ff43389828f4c9f6e33a623079a9c6b8ce17c825978179e043ece52165751fee702f770911ce8a4e94ff98fd9c6fd11170a4f19c64553dba07222e149abf1e2c0037e888b8526afc63f671bf4445c29357e31fb38dfa222e149abf18fd9c6fd11170a4d5f8c7ece37e888b8526afc63f671bf4445c29357e31fb38dfa222e149abf18fd9c6fd11170a4d5f8c7ece37e888b8526afc63f671bf4445c29357e31fb38dfa222e149abf18fd9c6fd11170a4d5f8c7ece37e888b8526afc63f671bf4445c29357e31fb38dfa222e149abf18fd9c6fd11170a4d5f8c7ece37e888b8526afc63f671bf4445c29357e31fb38dfa1c8000fefe51e00000000000000000000000000000000000000000000043ffecb42341953baa2b1bc43340ff49c0666586546af4a9c024d1f802960c49e93497d35bf048762c77b6b0420245e222e4c04af0ed6a9c90652329c7c32f2aea5c13db1bdb2b0184de7a38fc6f24a276e947305a2b4eb982fa986f39ee8d3e490b50861d0e12a0f66cd4f48a94192fc1dc8b8a036b974fd935a5a91d21007d656d4bc558f3307d46585a71fda57265233c668c2a7823fec325cb43a10cbda59464eea31ebf2e82bea1b366fec961a969a8cf586ed6a5215a6946839d9ccf68368cc0b9aabb54cf7924c0221e25690f5645c5d3f78e47e6f877389a18aa2b9f65d93d4c4cfd0580bb2e0f3c85571864466d9a200ee8c8dbde1bd4a29ffb4b38e29323119d42a8965c00c5ac6bac66527603271be6a1124848ea040d3cf7ecb0eb425565c1e7dcf2c96bc37f400001591039282afe633e5d08ae2bd7ffb809b889e74356afd9d3e615e1939184c532d49d1f766ba159784ba8e78cde4827e35ebea9ce9afd5a9a010501ff860aed56412b15ee0812d4ea881fce10f8ab552942da4e0f90ce863e4e90711b7186344d0b0890245c8cc19bfcf50359e8b3d1626ad30941ab76a7858c49f67617895cc4aeca277f75894af1bb8fa84cb6f676790cdd9470d0a24d1ceaefd811f9a4e6ccf248296922b3018350d6fb9cd5c6356d8bc14501cf698a116261adc8b9ad14e6bff0f3a50d9b59719ecc36ad9e8a1ae52553012414339401ffdc776324b3f16313409b79ec9fea34194633785609fd513a0ed2c9328d2bd5321e17dbc095a863236694f5070252bdb5a415581cedf66fcade7878d0456dcc4a8d27fe2e994be58fd591572f8a4c6cb4cabc4e9174d6642a76f96695fa8db323e7204fff32d5b9421ffb26ceee0942814a09abb6c4db4fad84a996143e9578730ea19c908d33c9d1b9375c605a91af88f333e91dd50454ca06b44d5e693b2f8945296d2976f8dff848e51ec2bb3cb7f1150379ea4922ae400000195750c6cf3eea37f145e099f38c581da5973ece8b0e6ca6f1c8390078c9b4ed7fe4bb5a44e55554ad8af3503a83a792c461a3c556aec6969ffb5f7e2b56536ddea9ec9a9acd45c73579b1684d973aa773fa53b9fc5431cd281c2593effbbd16e7d23d27c579c10d6d6238e34e3d6283fe5b46f1cd2ba78126f88b2c764689c3e45901e923795c305379247ed5af2505373308000020b15e0c91c2659588fc7bccc08207ab6ae7ef3d4a2f344c7f6b3a5b5af01a7444504c8194ba1fa8b51cd8f3b3ebea67511722a41a42e912b37fcea153929b412753385620887a20879c4bf0db270d8bf2df5afa53c3553ecda7becadef403edbee5ec712872e990e1a9ffc2159a3cec677579a065b7ef6705b4b302b31cef25e80363984f3a3caf0e320191c07dbdd0bd9a402c6c8423b7353900f21927d50f65828ade70412abbe6b204e79eabf17b706932fef09b05d0c0e3b41d6daaf9e4b01cb12c447aac0365d1d1314d354453a43e244bee0080e986284c2fb6eaa3825a945f986d3c7477434457f9f773d2cfa57f5ce5d09bf75c4521ab10c130607f20379ae11deae9a92772016c5dd2f88017945f066d327d1ba58259ae5da75649919c0edcd8220dc37fb766e8d53538ef60e16f81dffe7674a2d420f41bbeb2896194047fd34c13ceaed98e9b23c18b4605a1a8fedc66a6a32fdbefd4538bfcac18731209a9f62c7a8d016fd9f98315eb054b3c5e8d7a461df8c6e17e0b10c6af4b445c5e9143d4ee36c806824c451558133311c36ee05fdcd02bf162debc2cccab71df648ee249f6ebff7c2289865b3f86f101f673d133bedaa4bf05b704b3933c3d649bdc27bb70d95c69f83cfd760db210ca38b6abe07f3f6041f8a84b79dfd031e4b7989bcb7c9436723f95398d131404994ac869f8a47bfc3269b6f774aef8fbba4c7476e4d8eadea197ef57ab9b6aa4b2bb4ca3e43fb2d58e52b796709644b044d777c35919945925000744a9d7606c308bcb07e79bc55efd62ad7f3d071d93dcef744cd4de54cc65238adf8dbdc7ae92ac4bd45b197bbae63fcfb01a21da7a8aa283bfb80bc70264b2070a43c0bee3b49293e192559febc95e39bc1b31940298ac1b0d3e851091f1233b3190e14f5940362c63cbcf4071f781110080cfdc7c9d845b334d5ff0939c8cec424b73bca52f8eb20e7580c49930bb92d2c8cff765fdd3dcc9c07395070bb9e9198ea6756c6247f45f2080828d99bc5f5b7e324904c088436bfa8dd9e45cfd4f9326f9c05b9973b299337ae0b722f0447e226ab29d6aa699f4a875d3aa1078901a71391d1dd7f196217ee0817c859493a589259969a7f03c84ed7d821d522cff2b13ac0001db9ead47722ce022f67bda12b3b4011b076a2307090ad8c528b75e8ffe92e49470d365e8b64b394134821c1c21bb19607881164661c8e0b391fb736b0640914eec01d3d0b346ba725045a3a1a3ad2cdbe4dab7a59dfcde0c40e63c575fb8e475785f4dfbec95340504698cdddc59c104f40a1c08a8ec2ad6bbfe602edb2b3de4b2f1fc88392d0d5cd061e699fb39d076b149417b194bb5acc3623476089f746836df62bf71e900d7218b9dd1ae4a325456133048f4e43a9ff506bf1e32ef07270997eef6612c6dfcd69bf58bcb314a17197bb24bf8d39d4c68acc594efa78d93b87343368981f49ccb1849902885574a0c7fe7cfbc9602fcc913d61fe145f0dc68357c79cbfaa952bbc1cb9c2da3218d6d70f4eb48f4738149d757b9c24f570c8ffb40fa699f97ea3c3781abb622992bdf08e51503dcbb5c928c1da0e893d39665e2af511a6d2100e31d766cde7dcf851ad595d25a061e3a48804b69d7cf346dc4414e051dbf4d5767a48a52bd855a02d0b73621ef633b6c6353fd81d318429dc09540e6670f8d1c5d5a0cc70438cdc0f50313a7b4fe92db14477f0d72522eda2f67298a4142172c0c6d9d70b82cad795c1a35f6bb04acd78761636c7551dff30350ae33f7e76360b7623e1f9066a9bbe380e06e37f9586a7d920a9940e9161ea84b1a205f76ec4fedd54eeadbe2a2fc79bfc1c6834ff76c2fa3bd0696f50457fe2a8927b30e24afae125884ecd00a5a4e0cc047880038bef50b49169a359a90f6ff998bb41e7e1a139fa7acfad81dc8ec2356da16fd850fba5db5a0e673cdeb143a1945b182bfc349643c27a320aa04fca5ad65ee4e2fcd5da1405ab5f7a5efbde40c24f458d9d828c3d0dffde895405b0107a864833960e0fbe60d5a6e09a69ae90302a8012633285cdabd3a8ab0ca96cf31518df6083107f613f488dfdd8104b68f79f1f38a1a3c0fb60b8a308a7ae018038f9daf30cfe788f909c17160642a89b62a909dd85ee0e336f7c16492753c7c8b9ebdb6658399607b4cb19df38d814e5b0faa344a24ed9ec87da060355de7b39cd99ed43e66d84176366503b0b56f4139a6ab5440abad1a5794ce232cf11158989320aa1448775a33ae82e67c86c317eb5ea223ecab95b693d77c9e8704b53417dc0a6c09f10ce95f591e5ef7411100b1c07a70dcce95ce184d5045019106b0d01bcf7b98e47d522435393981ec701984ac944103d6eba4360f88d0ed3a1f8f6e6b7ed868a5833a072927b9ef6df4cf9379ddf1af041b2c47ee869920f458e7916e05b28998d0af0067e692850f8e9f0e05d1d0d02ccef164453929beb46705f81bd4cb37766d1cfc2b3ce5817299506b2cc0a1e80a4803caeaca97c14139bdeb35ebabff1e845c3f4e16a8a1b7e8adf69c7683a475aa12f59edb7a754d244fff31ed62cbfc3e7c610f3effe653911a3e253af747dc9f209ae87bb9a62329b560f488993c57d9c02a0d058f965e07c64bbb87f41e9ebf01f4e2481c1596be47f3514877b463c52a510f5f5070ea14cdf94fe9c42a09f6c8531c8ceb746ef552c09d5e7702a294bbcb18bb6d212becf929aa8998c27e7bb40c2a98de00b901f68f06b955c6c3a0527db54049c4a6c6b45445e356e6f45b36dfe28d2cf9cda311b6980197e38d376fde9ef3a35d1a544b9e8f843cde581d8a090e890c9157d0cda76d71e1c1e8c08beef0205d12f1a699e02471c418aadc84d799d8f2a6852e60ffd17243d4a870c3fbee367d066b06d6ead7ca926bddebec9fb1df3a14fc1e84cac3d57f5e4f860be833638b6e80585840cfa4808a94eb4fbe4ef7914061194147ca51169a953b0389b8ca24e4bdd92b0affee18f3856e827e556da3986254d45ecae524d71b8deeca35e36174fb04a18f8f730b1891d3ad2f1d46e5d89f89fd8b06d78d52d73ac516e58b933d792150919c00306cd9b712353589dcad5a05c2cfef438927ed025555b012d8981e7a902e0533527d15dd1b8ebbcafd2d9b5e48bb155b1eeafa3ac4519976d7759f1945f4ccb0bb2f3c85613ebd6c1790827cfd6fa485ede386fd6f77b8f87ee7ebce881cd0675d5cac78288a19abd09ac3bd609a8778e31c4f06a87ef2ec64cf16ed049c3d7ebe2d53b0a19fa076a51793c3e15a31fa4d93849e91da4c143123ee0f07aca39feaf25672f7fa635878074aef15da35cdf5b1e0b5fc56fe8c991375b64b95924b61333d226bcd42b14f7a896126c9b1b7ae980d04bf20602d7bd10c02c7e9c05d2910bfa47cbaba11c5515224bae1b8ed816e2ca058177b12a783bb87068c32b40632733455bd19b9c9c96e80acba34db3e13963679fad4c63af22c0bee49fc764dadb489ad6cf99a7c7256e8cfef3b4a49f20c17c1151887ba57009588a8b464ff1cfdfacdf46ece3c9d2f45419a6c4eb23081bd190a60bb370d7213b68b06adc272dfbf269f15ed7c9b3d4e6cd7e8b7a7b919376e1c138e18ca9a6e0c10362ef09377d134d54f016e75f30f2eb13436481812beb859c56438b01d49f82140322acfe513be01f33ee66a4bfb55ae6a3c4b4aa358021b55286e8db4e85555291a8e4817294b6c7a8865eaf1e1f4216838a1584aae7a113cf18aa84e628ee129054fc15e0ccd418fd95195b5fe4e854cf681b7177aaa178eb68875bf15325bbda97972fb7929d95c43facc914260b4bad9ea0de112c107ec086da482404b5c7aaf8be5cf640fe8769fd31cfcf094054c595da1e7b1f745f824addfcdf14bb8f059961f6dcde4a02f906d6e95a0190bf09e64121a8296c2c73bdcf802717decdd2c0443c53d540dfca1c59f62c86119ec2ed4dfc547e8b26944850e77c78f38cb8bdf6ef6c7b6e52b52783fd680f1edee4480a0c51e0ce8fb0eec30fcdd84b78b9a503910d1d765453c8eada74eca43fdaa3c6d13c8383444a44709e913a9c14d7be1511b86af3c6264d1fb382cc6677d42785245d80a3065ee814acc0862cbcabbaba09bf2fd6a0f81a75c0aae43d48e7e87181e3886047e82d07558259aa58bd433d8a6639c6e1391fd9684023588e880b9dacc931f9549739518896fb793f2bf7ce54f1304ddc5d392151c2982b7ab692df1c5c69db8ef305c99b932a244460981ca0e21efd1b6758b9870ecdbaa5396409dd488369f957446da89b99d1c1d21365adf33b70f015ff4ade0ce0342ba4178f70616e6e24a94c15483a1793d0697c24b01e72359c0390af90eba78f413f81df5d2b313a3a34a56a053d1fd8015407e8932f75c5348d8407c3302e66db80183b863f10be35ce0d4f850d22cd044b53e1d257a64ecca810d3e4234966d9cf97a794c6ecadfce6cb6e45d58dc2d50ba937c528d589ef7556ea6a77e6d781775fa3e3571104ab933b11187a0237d62fc93cf4161196f8cdad61024b23dbb25105adcc1284ec92d1e06c8eca99d1e55cc8719660e2f2d2904816bd433f1b4338dc8ea38478eef5aa6e5179376dc0be46b9014d94b1ed664e7fa3c38672b2bb8e938b57f3486a1c2ec239f2455b658b5658ae65929f7acaa9d84a5550fc6882df777dd18cc3205f84941ffa7aaad744e62576a9acb753f03066899d71b9c96045e0ef9dda5537050396ff36746c99e39c46a9914a73d0140a6613e004c0d7e9aeebeab0440acc9938e167a52a8fd61b238ff14e8a87fc74af2540e3d61476611ad7a250caec666a6a744acf4b24cf6ab28fab0e44b28ad02ea085e1ef058ad172f3be545f58468d1e4832bec55e03575c69c53f21798a56b894726e75f81115cddd97409592cb69e05ad96661372c3fdd2ee6d4fa834f8d541fe3801ce0b7e0e371a06fafee12dd9379e01c2cd2a5fc1481af3106265a7b7b7b39c9b03c80df27903e72f40e2ee2e1a9303b843449740eb35b45aeec27b69394e2e78dc31f9ea9934ef59954bfdb4ce1ceb338c22a73200b2708eaf4e7077efc9fd08c17e6401da5aba3161f052e5fe4248d1bd4d39f617dfa3be373370acf78455d21d4b281b83fff9f25c7e9633ff74876752d96d2917cb28443096256c3ccf1c5ac0168127ea553c1c4ca465fef79c32cbcfaa42637530fc292b6f86c6da4438a39b1f1a0527d984294f50a07cfdf5d38660c3fc865b93d61fa0bbd788f047f76cb14ef36ee9f966a8205600d2c9a3194f226ed2462dd55ca951a15d9e37937d0145a9e5254ba0edbd82ef978b7ba70243dd9548b9b1cdb117e8c9023cea6b0bff8cce9fae8331093803d46606abecaf6076925b04f6b0ca0b0fc6fbda2f183726a38576f382979bf871f7ee9bde75c86944b7ee68f88ee384c11caaa613bd2df459fee225f0fb2103950e2a43776f0d59d93ea18c97e97a5b69501a024cd3ddeab6a592fe1fd797637a54857748cd5c5e9906c0bbb9a07d24d991b463812c53a34e76c89edaed560b9a34db0d91282104deaa66503322201e84d96e61fd2a5907a0941f2ede6b204ab79b13c83eabed5a8392d1426edda501f915737b921e62896fae0d94c208e541e72f7ba1c716d16fa9d9d797f773083ec423f81a63a86a04862541ca4038fb6eb419b52c95d2fd7d31ae53ab509866b8fa12128fc251ddcb0a84eaf580370d6d6fa40509180208f75d7e9786e655c300a1c775c231c3f65ec1719a85981728fd60048473e1540618176776ba5397d21983789fd281652122760ecc641f9edc4af889a27de266934961995c8aaa9778fca398477232742abc1ffc1d34d14a7dd09da30576651e8b8bb3b491b172ee17dd8f52cc6ea4b86f846b1315000000000ebf9442adcb0a0eb42316f6451fc319d8be44b24b0e6ac68f4b5eb600000722b905f00640988cbc39674a413be61d4bfec6b19d1a50f9f3ab094cdecc6533ed0db340117ba31c050db3382f7213eabfadce17eb2bebeebcb2cc4c6763ac423b09721738230c9b3fc03c70988a70db194d7993804a791b77ce55803361c3b4026e7d8add0113352a6462cc494c5bd3ee6a789878fa3df8b3b8fd6e5778e73a790e0ac894354dc15fcb640d4116a5a5295c4a4162fcafd3c012c16083c59d4dcd90dd6c7a0418354c8912c351803e2333cd28c5be4329506119d7204916f59b885eeb5f6b9d167a2e880329398f48d12c36a78c200f78720943158d391d3ef1eb97b43428f4aaec03b1e680fe1ff1c308ebdaa1d3d8f042b60ca37412019593fecaf50dbc51331822af9148962611a04db1a23be2cf9f82ac125ae7e9dd7bf43f341969ec38e2dbf5e48480808f3c7d7f35dbaf76df2e1748badd884bf96742e51c440a1059366adf433b9882c00020d33393b13aac5c11d294403f92644f46186919209686a236076434fd2c7bf02e6d7ee43d60eb276baa4ef304df88e7789bc23d2523aa13e8f0909d9c8b4e98fbf21f3991edbd985125e483a7d34d5f54d60135e7472a168a8ea8ffef5bf83fc3cde2e3db72abe59d5bac4c230931f366194077fe1364fdfcc62d2567de3dcf09f423f3002f98864de5c022a3e17b88a0d1f5e9b6f1f9427c6514b8de3754a422c0abce8f517cc6664a0b04fa6fa491e4e9e02288687c51e158a92cedfe019dc7279657742306cc5fd280de26b521c4b31224732bfb483b29ab0e3967fe4d25cd236ff03276a52011bda8c7e915a517a933007e2bc02ca779111d6ffa562639798df57f819f5ca1ad2460a9f56f61fad219eeddd870fcab2a3d1056d199a8ea51722db4a8480c56a774a3fb8638f243f0bbddd23b2498c0ccd66e68c8536c861727631a383ce94995176533483f1930e21c20a68abe12b37f72fac7bac4db4e2224b817b620bd848fb528d1935e7493e49365957f23fdcdfa2c0344e242e262c042a73a15f1f459d0dd925fac6fbbd9ed5626e6a41ccdeda7277d01ece76709ffbb2a01e47e0610f5d81c873d34c5038c5a1e37d99043f11a1bde8d9815162dc40b082f54883f47bd797d0d7b56c1ece2984c35d5d5e3269775b24eba05cf69e6b6a17f2804c997105eb34477991e24200173c8463cabf7af98ed5ba52115c8f6ef862f24c249316ddf7f53d9979f72018d3d97f1b520a82135b9d5d9ef7f1a414023ec7fa3b97a703346acc7cf4fa6a941fecd8ecdd3296d124334d012b1a73cf1e5af3499140ee66d84db8fce799293253c6b8551373a0d5b8d32920712c43d8a25c4b42305793a13a3e444cdc581d42ca3c064e8d7e7bf407a28f7c4a048dc557ad46fb9241c793d3d7d68e17013a6c2d2d904b2c2d51735462bb04bfff420ae5c41bc0ca4cebf82efe1df59d754422c829069c80687ca78768921b633a2efae2e4c18ff28b418cb51d3790adef884b198712df244c4552d73c5f50daca551448f93bb86b1e050e3c6b65a79a08c3534ccd4a42a916bb14c8ad1d74fe361490ef5e3b25de791bd00cf26a48006c7f24cde977350d9a1ac51a4af7f6e231bcc8a94efc2746b7f6d5ccb3e8050fbadddef8d3ed6ff5a599d2150b96c4a236a8d642e15be64e010e485d9d8208a651f581ef56522a97cabf837c5e33fdedec3c8220ed568319211527e6b4276875707dfadb628cef746688755dbabc0cf7b8db9d2672c2b295b99294ff8aa666fc8e030beaf7d2aed9a639581cc6608a00ec678a8560ed58c4698056c641b476c4046fcef4ea5899a1049c62ecdcbee614f1e75b06e70cd0705b98bf862e4a7fc9341fe8d11259b6a8fb186fe3e83bd4a2d6a438c94766a2d3c1277ab0f679f0a2620117e279d0270a1f3f4851bae692dfce6e019812c87653f43f079eaa51da4e1cf641e91c35afb0233be92943a76ff680a47b7da6ec6e97b50f65a0c513f7ad6a34682754ab8d866b4287b692adf936cc57237e649c1fc494e3519311a4e0bae5eaf9647c079ed8c2206c5e23e8a7e59b4557fa4476cde53b55204bd94107ed4258080c1ca8fd0a7031eb23d698b0f47cc17831bbcb7f0bf65a3bf174259f2261e49382e306702eaff2a18599caea321222766ee0e5557b63ef55485470ec1053ec91c094daf2f9c0ba1ea9ecb80e374e1c1a3d10e661bcd3fd2a29fbe856916182201c5ce5cd62031c159933cf76a6fdd35f2ab2d0a763cff11b6cc3bfe1e9ee9926b704221c51e916bedb5dd09bc2f20b3158d4610731c010d9858cbc48f8d4d01c0da0e7a893109d0eb9d7a66f14312081fb6f563cf3ec9195e8750c392403ecee2b5ac16484f68b4e00038a72e80ceeb1a906f2b11dd569c018269adc1cf5876ac9476503608a81a7d4e9d0ca2186361ddc942bd002ba54859bdb05e2af87b83d6601717e0eaea541e9537e3c9616c772f87f9940d58170a8cd5cf570fef7cd36d92c162f7033c34534598861e5b9dad01a56e8a26ec438355155636c7bcbcc98e53eead7d3160267a9e316780b02c1c8fd0955df4d82e5634c9db7dafeb537d2b9b25d32d2b0259a1dc09332fd4c0ff3862be92a414e988a1359564849024f4cd103ff2e816c032e517b976d94b79d1f705a01eb968624a41eb110ece8ecad8cec6ee95707f4916ddcf4613324d03bc55bb4881dae4d04c3bf73c56fe32f607dc8aa6cb66a8e6fed44fb2af34af745792c1e630dd395dfd93f423d22bf70c39e8224e80fc6bad1adb2c230095c8216cd2a6f34e0483b6f0bea94a02a5aaede16c7a4744d06d3b2561b11e2dd7c76844ba9f600a565885dd869941bd8676fa61bf8ec7950fcfc5104d4453fe9460ac3afbb19de6c213ecd3291117438f15eb8244e4b052ac296d64d9658908c1875bc26c72f3ef47396a9e1668d72f7e1f733f93379b0bf56a6e4fc425b7265e43cdc605fc3dac5cec276ecdf11ada2265f764d8a39073e1ff82f39db36fffc0bd23b82ed564f4c45d0d3c34f81de9b514c9468d0c02220ec660f63379c2a113fbeef537286a5814fd961b42068dba7f790e88a8ca967ea3218dfe764bc569ba65d3883d51163e972ff168df1e739146c683bfb3d9fdec69c8a3c442260a0e85b247e24ae9f585bb866002b534957bf044e6f422d5504c47d31364c0e9e2d7cb604ebb5f200a8a08cfb772a8088fc9dfac4e1b7afd01905801c08127890603e783e6a56bb0bbcf504df743b23d5dcaccf12f8fcb14b0d9c2270a145a9a8226ff2a7add0b884021f2a3f2a2dae571379c20c10e978cb6a511710bafa8d14bc2524107258402071abc160eda3c6b72db618acfeb310a9961baa288bcf6af1c8ce19621210c289cc159117ad6b40cc87ababc76a39964859ed56960a4b75cb715ac251ab4d4f06365830e4c4b70fe2fa84622ab0ba42acc0671cd5a48bdc29e9dd50f98d047c7747d4532430ff4ae7e3868cfd9c23784d6934fd3e9511320556f662adfb6702af03b5c243e8f3666f4505591ab957e3fe5feb2c30fd7b9df171240e47ab3254f788699851f710a7717a66f61ba9d311786859a1d0790eda1deeb71366889dc92c129406a99ba6016c0677b396fabd134c9d576d4d84dc28d202cedbd75c04d8a5cafbfbfac11bec5bc8afa734e0729f2f7cc5a1e0bc77f365e87cde1caa3e93a26666011db7cff5395df762b11ace04e94bb2bfd9b1fbed06bcada95976cdfad843b4a913119884a49a9300e43b90496bbd3a73f958e2c40911981c021edb2dd72a3009af01e8d8cc0e243e5a36d5a36a26593bf4ed3f8a34a61fe119a98b29b1a7b8dc870c70293dc8333218ec3866bc18e349dd465337d70b10b7108f129eb91bb5a05100015e374d454dc000074969d8ed8ccb56adc070362768fee264639468719d8a53de0663e748b6c345c0257ab902de3ba63da7dc66b5f8f1a845375328c48b0a93eb7fa336e27d9b5f6afff86be20b2cf9e7be23baff4ffe458d6cbff95cd42844e6b46d1ff292d4fe3bc2cb809008d3deafd50f24dee79dafc7022959311fd94f21c65cc2ffdd9cbfc797acac7c8622ac0ffc4ace03d2a3cc49673da101ff9578f4aad9ab9ae15de2d95da624b4487370e1fa1daf30163b394062eac2b18d3a05d4db224f4fe6c49f885c93f8be6b3ecbe0bef1824b5ea44b74d54735c895dc8f59631a0e169630ab61b9ef5ab0a7b804a8fdd1a46f42eff76a3b679e6b02ffc3c59b7a59e83ea57ba965298ddf4042fc3f9a7365275e4d857d7aa7bf805ddceec4239082c3c9341beb0bb7a39c4cb2fe2d2acbd1a7ab83098216b62ce94e8453663190286ea8fe983e6b29ffc69b8d10854edfe7ab256564feb4878d3a1bd284233c9c15704b43c9e2e9f41394bf470b2a5b75c08ec8f80a07a51d59878c8f60deeebc7794a867045fadee9afffd5e87710d197c3a9801d004a2f381e4ed0c9b9e81968ac56088459e394d5ef19226e99aa7c1c2ebafe38b799471250fd524498719ce2fbb4a26bf76047f12ea22c4501baad575e031cd03f4534b623418afd11d2e30444a9990b58ad28498a9b21a88cfa95810dafa9c449884b9f735a62ef0b8b21b93da1e77948d5187b21b3d5b5433ea73886e29d90f13ec6e2ad610c42839c1ea180041d5fdf6ee3a6ba5844dd8d712dcda682d26f515bcf33839a224edb2d07963fd5467f62b755911d80a730b5a5e2ceb1f044591dd1dd85b589006836e3ddab3769448c880acef8b40d2b72a7a15531ecf9f7489b13ec4973675b40a3337cfef1917daf917f396c69da59fecf2752de1147771e701e5cec49fd78eb112be4b35fa20b513403a2353ed5cab3631ad14292d9d8df857336d4e12382657e2b1ad3f947ec24d4b5c3dc5294936df5e99e33fad71271ce0cc1a7a927ec8c53b33ab95df428688c0afb45bafa14a74ac26b6f8204e5e4da0071d67e75399c8d3cade4fc4960c1e3e76cabcd7fc8c0146ef081e9e4a7570f3eb8536c1be70d1ba9cbb28dbd30bdadd77c8175290c23cf8fc9118947b00650892238dfef5489e538d548f1ed30db56277ef564c72d1887ce64f8b135816e9a4fc7ea6ce8a9c0cf8514f2b0deaf21b2ceeb6c8e273ab884ba3536ffc278e6bc9ca9121d9e49eb9981fd0c67c37fc340d697996ca7fc0658fd7b297eb63698b32b8763e52b6ea3edd4bdc53df2a6172df9d03dfcaab539429f708678822c7e11d19fdaa2574a68711e6b65ec28e65db6bb1fbb9a3554d9df5ea97f800e21762d0d8e742562626997b969976035818e8ea57c26a81db6faeb5e941eee298763e07c42c6e80b8272c3149e6c03a3492670010489b09acdbd114cddeebd694c26e208526acaaad4d071de4de3c5d59b5d0e04563e324d0d66fc6b1154de39a1d4e7e93576231b6c084cb2e735b2f97cc36e30efda971ee906ef80dfa746796a6d73476563c42db6a2df4b326f057b719ef6f7c83c17f58b76ebe9755afa13cc97141ac0bb53409db2e35b6289687df258966f8856afb8b44eb4e09b7df3cf4d20b639cfcf97ef9b12ea00329ffd37489409b1f9722865a208d76ff313c8337c2e6f70c8992b1be140d3574592c02fdc58f8ab3803769eb54b187d168af8929e3330b44c725645f6751d0144275211650923b7909a96252627b653ed3256c2eddb1e32bd363028c0a61332e5efc79fa29296e6b82516be0d56deae8f2c03382ca2c34e63c230b8348dd1af8cdbb32e977fe60721cce8103510bc3447b986da642ec1d310fdbcdb0c93a792d170a575357758c8c3836ba218538e2c8ab9fb49b5046a2861089499dac27cf1b37e44f86ab78f2d25404b6d410ba40930b5ab60c5b716cdcfdbe13cc65108ec4e341f68e740105bb3b6c99c9f1fe87fe7f64e8d6abc9e830efc68381ac724fec45dd44711e77f84b30f3c89b3016c22bcc49f5101e35e2f244336d90b3a983e247653a79f8c2e90d1b391fe05598868346db55e89d3eb078990fa72ef07ed85f26e5f1169f3a70c2bffc206e54aeedc07529a05365e5eebfba02ae40fec0f942254e9e8965417681b749a5b15803a3597df837e0608a6ffbd53c02c2f6d8f77c9ba59b5695713fba598e1a2ca13a99e553053c48ffa7c724276c2e9680a23c127fb743361d4093b9b68ec7e1d9343c304d73c6d061a94c4375f92d4b73ed94042df7becdf28918ecaa833727a02650df4b85ea6786d3fb685701f8c42f202ad7af4c1903cc2347d59f78c22b1aeaf74998f9f027fff0614401d86de5985d8651eba14741cb5dce1aeda985d90451afba822293ee6ba6aa057c63eab06b06093e6b72dcc56f9c3d4558d8681370c205accb67253d3b58382b422484ca6ab8d4487d372ff3e99575d9ff1818e48f1a74c575ece84e145361b54c5388101a089df964a4a0fb33831b7a75f2e9aa72bf68918335887de8fcb070be44bc56d07a0af2681df72fafc54b5fa9043524adadb7358ab7021d98582aed5a4ed9201a5496785bba68576a1e690853a0ae725d3ac83aee5a2968e27e779bd2683281eb9db1a5aa7d764d58535ee10f765cdbf748ade9818ee0edabd2c2d2388e1faa4e4fb1c6d069e57e6b79186654f2814d88cb9680295e359aea04c26f6303e537bb90334851eda2cc49fb0256773efdd8172238ae948d91fd8775b9e17f25886046db74463767d13d793f8ec7a3696a7b463f1d4cdec2f4e3f3483ebec3edba4edbcb481d5a6cd5445a99a80ab2fdd2335e7f72302db4072bd97e50814d543abab3ab157694433db9e1ef5107648ee561307cd4aa5df2e5c25bf9b55c87b0647e1fdd2080f11d3c797de2297d9f62b9f5f9f021d7e08b2e0852ceb18cda0808d87ffb34b604c53d1177f7437c07f65c2c798ef8d3ea37d119c77e8d8487b19f4a91379fcf48bc6193bb01c477fc23a8d3c4269d2c6601a81ca61a39269653733bb2fa537c02ac8131fa92497aff97cd89644432232f43564ec2e316eefc514e0eb27d9f11bef77dc4de2411dbf0624b30ecf058722aace21f6751347562879d4343e4a830f17fa8c5f2dd9ab9862704d9b2ff740d362f1ecb6bacea20973b5ebff14d52c994c3ee8a1eb93dd0fa3a68f0237a3cf05d38b54d00543e73cb681b046f48277a3a26ae1ea3c66ce6d38b63122db6cb785ef1b0bc09e4fe0fec7eea7e1a9f2f88e330b1120df086d2db8084a3954095cc442f7014e2e45176494467357067b1a313632ed2bb9ccd93669935f3775d37edcada4244c5643112567c4776cea92deb55adf655dfd989e3d4e20f2c25a8e38c6ae0cf982d8201504a8086240720290c516ce34f2334912dfa9da7ac90ccac2cae14eef909cec353f53dbe666778a38e3cfbff55c72cb46e4702caf86603d7f56ebd003624299edd8adf994808230f56eefdb4c041782c38c135b79869281061d8634c984e20f5da8758a50db733e5a2d4629c4304c1f2e4970fd83e09b49fe230c85778b694f105538a9e6f7dcdeb675595959e111cef8bf8dc29e12b0a94f49b2d13ab9e893ccd7aebe9be3cf5dbfd897a6afdbb7e56182861fde56b965628e9797f70fbf42d9217b4e837d08c260216b5a065f1c0f2e318bf8c9d8c4a810f049d4c738b6bf4de20a7196cbf169e2103d1dab6f3793ee1f92055d0ece60a9d58c4d81736cdf795cc686d9ec84a3553f895895a8c07495441b91e07cb6b3fc58af91b4adf894a6a5bb8475c5d5f0525423e2a4f99d30d29bf617b6ba3223d4ab0af3376a487b056e12041d68899d366d04306a0a20083f2c24aeda1eefd105f581254469c48b86553192cda5c055e185f938de8dbe399c2c12ff6bf70abdc2994e08364cc157e2afc82057c2612cfca89d50cfd9fc190f3b7394704f3a382ba365990df13db49d1fa88b95b810f0fd48c2a5e2fb7bbc893003572180e0cd8d010d496f1ed7fd75b9bd621fcd279019e5dbf7c699edfc04656d5edd39f621be18f85aaa666363cf38e76a254dbd45c714bc83872cc7a8b4489286eebe8a829291d98d9a702f200dc1384e8a810f0485f9b5cf1af6311f510da80debff5a250e93fb6fe275927e08e286828817273ed332c7e9ad269e8513306844025b36b514d1fa1b5d1c09b0ea60a7c0a07dbf75f7c86688a2b885b91543b841ebe493476ca1054f51c61982a23a42c8dd36a7cd815e04c2293a08282e2335a03d2ed4583d2a3111e5cd873f0c63504e5973ca2832efebac81fdb46987cc266ebf825baffd58e020c30f56b191d441465298272e90e57a5ad41dd6384677d42667ed08e67d5d2546ee062e3f4cdd45543f31c77831a0a04119ce9a5fa72b0455634a0b45c43dba39fecc4a6b28a956afe42497f60ebc19a3216da0b3c6c7910d86fe20e7ec3c0224815a6bc7ab580f1bfea7e37b66e43d17202b64543ae353a60791f2897c46b8c65a79514cc2e117e22466de8f1d7b417e25ada992593041a783a97273d2f302c9350662e8e6ecf7924259fe13658ed5e162410b96b299eb6a59acb2830c101a30f83416c08577f7fc0aeace232ed440fedc76846586eb5fba9a52969325eee7917b90d048992e89f3a7435a096adb7f7316a3b05d7d04697964170c9ebbe3126aa5749ecc84871a5a43f5a7b22ceb6a58f062fcdaa83ae7162b58e99df2d77a0807cf932ab0b88fc96e0e0342b9f7a4f8476dd4777615048049f93a73c7a8a04d9d430e4164a7374a6f318731673ce248fcba1f0c10d60336202fd9dfb313b8ffe74a9209800037bd68fe2b8f9ff0d692f36e8faae4eb4b685ce0272f5e4d08741e25f0ef25b9538f37b61ffab4b401291ea8466bb9164137b3ff944b6cf5af0a1339400cbfe7b36ed68cb20918fb00da2dc3791e3360a650296803cc145afdfea372c9d2ec0b4a5514736d01c26601ce23826e43bbfb18620b62cc436c9972b856eda493d18a53dc1cc281cf4e5bdfbd625347d38d303046a048e45a3a3a8f0071b12a916387c6df195d4c837dc744ac9aae4543b3f177ec6af5e941650499b09cc77214d4766b4c98b3e6f8e09a78b62eb9b99fb94cac3e321ffbe6537fbfc1bbb8d67b670b82205cdbc3655589fbee36477d4def68a2a7520cbf5d529879e8c73baf8ca45c7bf039a6b0696886b4dcdada2b3e11de1a445715f7f740e156f12421f8a7e196fe9e572ac1a8f23e76c3add624c22b53655c042703e2c7e0ff6e47163987723d029a629f2fe9ecfb0b6a185c6664ffc8abd2ccecd021380d60f812d90e6897e47d0e7535ebcf24fe0e91c95ac3963069332adccd949ebc87c43b167d4ac404dec34f91433b76127481190ce626a868bacce424e23a4834497646818c387794a6305e41cde9e5a7931e39f4fca6efb79e198e79d14d0a6e4cbf1bf89b8d45f26ef740d138fbad4328db43524d533ad2fe87f2883abadfed5ffa83b31233df04d7688cdac9a13867a17ef8fc8e8d1794d3ff7456b1ccfa37ba14ad2500ddf4577292db3828e3888808459fc8543760eb763e6e6832ccc6aa8fca12a6b44f8631dd85142fa5b2ff5ccfc2e5a3d5e73795cb726c1f56201564ccb03223733544ba481dd3e14ae2d3bf69d21fa2924bc90b3d8cd0154661e125166b27002ebcc4ee9591c8868fe2c8bdc561eefa71e940521572a68ae4f660a5826b18a5519d013a155613c0887ba575baf37ea6e89bcb027d025f35cc3aa32c58d3ef233fcc422cf87a03c54ed9f0f294963b5c89bfaff16eea23d3a87e4725290d86149b7edb26621d31c9c0fd0e712a22f5a61079a46369c292501ab5123bf45102b1e451fe421782c816f5d09ac3d0d61177e3725f167516125f2862866a6aed82dc31b64c72d6a9b299c0485227a7255ea59175c8ca83a48a271201d7f8d6417bfeda2e2a96dc57e2b041c06230b877b73735de7ec23396441e06e919b75739ce1d84a374908ecb52aea0538792fa6d2ee615dc30707b7e24ab31b711abe8a7c9de1cf4aa28e60c916688426054e29d6d24958341d8cbb1b5c7e3e1c914d04d30ff483c2b3315cec12df149cc3cd3207a8efcf94447b8d2ca10fb16ae3f47084cb62e7a5d38b5f3f5a25b51094fec922a8a732af804d61983b6623ab5867b40c998583fc4d8975d798414df9389571bd1aecc276c2dd30b7640f8b8d86cc4a7aa711b8ea1fdac48d1f1b9d18b56ea39d408daf46b29bf2540e119d15f6c23ecdfcd89b50d23fa04ce40865e4304b5448a43bdcc893e2362d875df65fe061c79a38f376417767af08c364e4001098617f966815de7a3060f0cbcdfca84642d32610f0e719669f9c3fca8506cf7a793807e91ab36e663b93725db396c81b290ee6912b0e87300d87ae06f8cf71b94d60b017a2f2047e0096e89686a4404520eb7603c0d9a09a59f951b4dea20eb0a04c8fd3092d8a27ef5f1597ffc503feec5dde1f61997c1bab5e2e1a101507c7416a67f856471ffc685eeb6180436fd374542f666338fb21c7dd3bb66a9c60a7dbad022cabe96d438e178f98492993ecb813ed64189d4fd3b2d0e31dcc04f709e18b2fddbfb0a358a315db938bea177c6171c9ef04de1eeee61b80e5b57b51cc3fa8fe7e2a36b63e5b9f72765b43c4d10319060ff63831d0fe40f08e3f923447efb9242c7886c1dd51830ed7590c61545926aea207995b65a437f39df90eb250e17b8f6b72631060c017b552ab95204a7976f252f09d65e972d908b416586211a2e8a45dc3583c8a50860bb7f39582286dbe0e805fa963c6225a46319b71ecc32a94c1ba6d6d9ae43e5ecb6cff58e738075d5ff2026a654112ec674a71dbbab459d921a997e89c178ebce3cf6b79ddf1d1d9141ff42f2cfeac9a47e7f1f209df4a3fd98bf1dbffc36b67910a09aa6a09c0b433f4bb5bd8a2f054b13b65f24b06c32c481fda8ca78e7ab155b4fa7042666b571758ce5de8d2087773ad29f1d5663d90d83cce272b90c493de9a20883a28e17a6618a53ec17ee046e09dbd79f8cf8d9d7fab239b242fdd979008fc66ec38accd68d18929ac9ab9761912c0e517c8cbc97b1c71269485ada42ec1bf87465934a98934206cecf7195111749bbfb2fe25ea248ca84bc2ab08ac8314bfec22b03d4effcce2f683a01f1f51825cb36deb17da7ce7f83c998b8f08d18bda2268be4c47ff19d03f1ea1e18d0d3428283611f54a9d68e6b7159a6f6d017999a61fb3e0aa56df787c1abde413aa572d5795663c82f4b85c8dbd52c353a17ad71e032e2bbf1ca0780b79f66479d64b41127bba7d4dc0b791db869eeeccc7eab4fee35801bc1a44b715fd24fd4b9f4c8f6f97d10aa310238de0bcaa22509ac2ced5b59fc49567f5d43cd7d1ab813beb3b96d36eac4abd1028d7ee828ce4e3a98f769f47391f34e9829c1f78731b77f7b31766c3e45b9306fadb828d04ab3d1af70a858d63538115e4ed10358c158d166875a136fb99efc8db7f914969cda52f63acaa3ea631690c6e02993734453e99db871586aa875f774ade5fff274bfb6943326b9be6cfa70ec393279fe604b1afd5594c20920dc2dc0aab1d16188838384cfac881a42d380b55673cb0f4b7a77d38e03cfeb47c8e2ea54dfb541368fdab36748483677b458589712fbc30bcb43a9b2582f5d4053471e449b60384e6f2e3a35ac1779b44e656969150d4e184ce1a38994befe4a9b1ddb1b55657344bc5bbd1a7108ef7274de59ed59c5d495ad10926a9231c39d88d4ab3691a74c99dcfa5fd36520a7d3fa07c9eff6565e1341978eb65c8506092e4bdfd9721b31df4b8f2127124808c3a34d9f26c6aa99f2800000689a5f346c2658742e5c3a7693f20af9dbfae7416076a8d32078c9efa787d9032aa7d1615950699e555265b2f0850ad8ffe033bef7510a9af563261bfb3a01c934158e77863a41d4f68de9dba6b693df4a959502a72e4debdf13fee5d5e6239b4e8d6bc3113d52adb05e634b2202b0e9e4d0c0aa0bbd01ee02747527f756c0abc0b6c7e28054a8b4b665454b15a7f01905e437d1751bbfb25ed8860778c8e1d5273881f64c817536da6fa41dbabd5b2c6727e6d270b9cc9fc607ba3e1b909a291224127adb94ff1f5dae4c6754ea1aecf1a93f85981002be69fbba1ff8e0166ccf287ea7aa9afd1bdb741c1deb1853b72ac321ee209e94fe4a9985eac238234bed32ce6d46cc735fa1f567dd9524b7159af9025999e20fbe05222684b971f6ae5575ced9758e40c5d8563e5c1e9d206c4c380c77a8c507cb86b01d4b87b2a1ad964055cbabc571793e953d27dc03a115ef3312bbd22c500a60cad4f4b97d93200d3fe08f6fe185c3cb933c2111ea76bc8126ff365474182ae9c59da5106ea390deeb0f7247952a0bb55610498b5a05ff4b2465b7a113723cf6c05aae7230ec50e96936443ff73cde0cc4f93e89f8a38ed789640f8dedfcfe54abc6093c3368239d1fee7a1e2523fb04326dd858afa719cc9c9f6983a38ed2eab0726fb6d392f4f7108acd8173603a1dea97930b65d80b4a61258550a90db96ded7c3da5b7069dc3d42388b3e98ceb32a9609ab407c8e6e304166799a91315697797fa1468b227e9a75cb2659e885e099eb3b6fc38919f7b7a20679cf0533e5a9439f48985de21b562915eb01e03709621c038d8b75147f6e36fd781a028db15792045c685bc34ecbe528718486621a6fef86077c1dbad152eac40e8c0773cbf913d2a2fa6fb18606416e2bfb87347a1bd981c8b1fd31600f847c32bae2b3c2091a235022c32a2b1427686e6d8397b98a79556ef9a37c5dfc7dd00c329cbfd1e410e2014a49115d4b6cfe01591fe3a8809fb8a70d32e0d06c3199cbf5332ad2a782a87d9a4775c052784d97ec4c085b5f8f1784aecf24237420e4b4755853b49e675e2bfffe253d0a352d2fd739ee8f01d95be93fbf070d6c71e1a25fbce20298c45705b9ff2903af1e65ea65c2a5e7c22dc64e47b7b2bd21c0ce4e909167c201bc3ccdfd5b9d76ed8aeb106664d0edb039895d738cfc4c112ec56134d3c9e7ebff365486c450b64a4b09e147d9dd707d394345a7f28d1ccf2cbd262842cdeb65d7e7e8fd5b575411f6ceeb9ebf8118e4533304b6da487b448822d7472ccf8b2851d516a27d9c71d89a5fe07357ea2f976569b6cef832dd44a2c7263842b63f93b74bbc010dcbc429cf75e292de41415cc21af5f49df3b3b796ab89f23d5833c30109d4f0dd75b6f39dd9a17ce9cb81c0ae3f17c5646d63e5deec607db31b5edbc7d35e38a28df4fac939b0f7d8227c9d99270432be728748198ff4e0e7ace8dc2475dcec56a388625d4f1007f8ea33b061d6b730bcac8387b5b44a88c89d729087027ebb330425ebbe8ce316987b406c814de31d5f2952bdbdf3561d6e5f2bb19fe7fc3e79351ce059eb36b975d514e5d3a998fb4f6f059943ed6c466feac4bd40b061909c6dcc92d64e134cb3621e17a2f017bdb268d77cb3fbdab93344ade073e94af796fc745fb166c8169dfc983fd903587ca9764fe27edd32e5e537c3ef4b11da3ae34b7780445628dffc519f16dc6224a7b37b26f46792fe1f46e2ace05cbfee441557c649010af59949e9729fda3373629372afcd546b89fbfafa2e8ed425ad6c9f9f6a5d4aa8eefdab73ecbd530820a1ab5339dfc16c6fbfc614f0735204419a12204423072ef25926cc84c78632ff72fb66fc1b03ebd5d30a063f015296ee1fe2c93a6cc8e6d2dfadbba4b60332a842ce248a24f04d88b359a3f2313977360ae974f01def742fd255c74ea45524a846e367bb16a20ffec2651421b0784df598d55f7c028de7281a4aa4918ebc3a35ec620ad311d183ac5bc69645b294dc784a1ff42d83af0471218f159929f1a6587b198ed94d26c67a8f80b3179d3a3bfa26df25d600117958fe5cac5796e7a219d71825ba554a024c168027e2b5385246cdb1725316490ca536637f859213c4309a5889bfbfb8b311cb80e613a6f42bc40c8535a85f74078239201d3055acb9c329719e05282ef40a3657821e60d11cc1b8176e3f0732b7c05636320cfefb3e2cdff523b84314d81505d1b1284e2404de4af46bf11730ec5d0263b70f280c5d57c042cb7df3b29b4b519bf3f039a4d170358974ef963be674c5d03c415c99818b055c96f48e22130231cfcd97ed12659270b359e0b4c3354b7697bbb5462257e1dd3573a4d8521c3af45301f4c0e926eb719dcc2842e262ba8d5390e527fc768c57a96725ac74afe97c2bd3fdfacfaf24bc3de2e385b67820a9645f6b19a1ebd576abdd637dde413adb7f0cf68317dfcc8afc247d6994e0834bdc937841570f66f49fa059dce5ce8d39710bf56df728e94dc70d0af2edbf5b41b4f205b87a7e6ba9b764fcf5a112fc8ad8c927122de6176cf84989b46e94394258457b8ff0e3550ebd4c7cac8161bd140d09d9baeb5dc33e06b81ab80b9faa27739d4f3b41d44abbef082dc43337ea294a9855c020db71b63c14e08ab4a5965f9dda04552e86a9b34303887eb7f11cec6e4b5cba269c278a15b66bb4184f0797622f179c5491b919ee0adddf52063282b9419448f97f7fbbce52787d734425b76b6732e3f12410731c9d77877b1bbace7f04f3f1ff312327cc0ab56638c380f230c189c5b5427c465e079c59770c17fa4813e615d4bd5d3982fcf8687ed4727837aa320570e485e986bc51c6f6ad6b0369ffcc0d6e1da6d4b85f5e58e24a8e4f3c8c4b123ded8eb9b09e7f20f0c1582996cb4e64e8802f9b52a7c7632d2e4d55d6d8b8879c53caf8b90ec1c1d399ebdc8799aebd3aa5382e2641198a5c65161e176beeecbe868e5ec007bad8ae1f480ffcaefb898de0616bfe1c92fe991a209b704f09a48c65c95ca61dfef8ae4c2b6073c759ec08fb5af250261cfdccd2672078f2d1c2f7ab8e400cd9ffe15e2919cfafadf898d1c557ac00a12b082eab1802bf80edda51a5b818c925d2e4a1ea0fdb8a69cfe240e95934d7fe1f866267111e9ba0afa1cb7858f4013f63afb0b63076fe14a17cb8e8126d0b1a3c8c8d53656356042a0871e37a3732b9c206eb90a1a96d3914555890d745e2759296c0a5b5a3f4d487d1ab31a257c628ae8dbe1ab2335d3035d0619269446cbc19df2de372a7f4b68be4c2dfc2b49507cfb8bc2ba8ee056f0ff5de06e44104ea986451dc9b66bd5e94fcee45eaf094d7aab3e1330f19d830af0a835189753d4e0167525715ce4919559ccb7ff9ab6dd3cd5e3cffda2179934fa32a7e73606548f75d2afc7c6ca6ab9dfc2a7427897b96d1a99bdacd3a3aec1b89b237f06872a54a2dc2e43132c02f259efea0b99968675a2da5d5c087d7543f34769158f18e4d0d33def7b1de852ae272c812b1755c5a8175fd7f6414a806c49e2fa0773f04e690f11ee24162590420ce1e1b8c5b3f9bcc7b36019a589fc07435fffa51e872c01dae9ebf430d922334fcb5c30490eb25fd08a0d718898d0f00635b3ec45b76a1e141de7fd46af887e53aa84f9700ee56cbded158b16a637fc6e5e9bde64895a405d9ef5ceb127d206877e2112af4850c9094aa5ea430ff7a0ee872d9a4bec5f4b7dd147807da9a1051ecb65b33038280f40784c0e2371949ed7566314b13232ee3a92e2c3f14db1347cf2dc712e6161ca305b13249e0ec5254b96548115f4298f3589f3f5947e00aeb84ed586ed10d4a01499bd7fec2e3643a11babfafbecdf5a2e7144327fbdae874c40bbb93c350722ff02a8b2fe3fde3fb48221fd7997f101ca2d167f9c150903279faaaab7acd04a19122c5bd879111c61e9976304954d97b7184d7d65ec5a681daff93a73cb65ffe1b811dc53cd0319f9e50931419cf0aed996724f48a8fbd69d7a2bb96812cc17bc5c2108710d89772a2e02260da46c1eafe8bb0392fce9ef7d63a06b93505fac2cd06f17f9cde2295e4248c02fb6699ca7ea8281b40d3089fd75839edd73e090e0f8bd1aeb4c62b64ae2e2c26059163aeb0152ebd320e507f47f33f8d60d9d5c9befbd2b341683ced6b6f1a94377b53679649f16c2b390b1f63079507959668bda3e34a08097797354cb75d49a86a4fd493ec401f32bf6593dcd688c229c49e043fc68b5fa137d40c99dab3c37241e189f261123d0a71c8fb2f02a3f60d73c9a39956d4163c21aac9f0681df5478b8da7fb2ac0293c9d53866f2ddd33b23a66133c2ecde3fcb6383d8ba646b8cbdc646d920e1ba08382b73ff6310e692e0028a5a401926a2db6b41961c5ed8e72fbdbca8288f5c8a405f53ab96cac12462f6411f614c944a042bfe1ff38e981fb260b52985d91f83ddbd9f47246f6418580b868d68d9846516b9577b54a84052996a1c5bfd2b1e7d2ce718b699ee22ce7ab6014396c4d3667b84eb8acff265561fb096d3a718098a66af4cad577a5024be1e25e2b66439dd1f30734ce339dff9f8ae580c57a6d3560cd97d9187f6d79d16b82b4982471f524764a025062bc50362be1b23becf8979f4cf6d13db44fa49cf3fbe79e66f99eb8eff5ed3ee97a0dbec82c9c9db45223d501850f3ddd61bedd0fab6bc8d780148faa6c9df7b9b0af75a7e8d72a793803609c11d6957a4cf214e58f57e40791de170eb2ff36650d1a1773ac9be9933f9cce395a128c5b27dce8ed213f565bead00902ce8a72cc4e21b98ebf05f14be37b82467b214e7a14ac3d5986a2a9a333e5bf450388be7474c9b74813b70b694403a3be54b4075200d2ecfce522eaad2adf383abc1de111bf8a837858e3314866ff3c987b79dd117ffa9d54b9873561b55c9453670468a36db946fe4f8e83c6e6e51496106b2b47262d7f6fb67ff13f096c09d95bf68e109bb5178779d633c9a9540aef571f42ba404a57890d1890da889b7db2574c844f0f66dbd1d9c0c17ee8476534572226447da1bb9a6dbca9edd64823a4771290f7648b1c94285f266a8949af80e724ad87b78dc27fc9ae889de28d5f4b0cb18a46338f0fa22159a4e5dba3dd6afe1be2ab0a0ca3de9b0818de0805884e4fac5cc563a398f98a85d547dbef791375b6139a602a58e7ef03db87c6b82815a3e313e801dc0931f96f8f125fcb26d5c05c73f3f7ded03c28bf9e00ed49ee6853752d25b680ab83451b680508847834d9c99aa7e9b8a4ab1cc8aff330678a8b91cb0601c1c5ebede03cc8f739329afbaab6293d954f934807be8754da2f598c6c97ff19acc5bfd050999a1c9b05194becae092473687603c94d5ce61898e2ebe416ebc59c5838ce77356dccb327bf14a92aa5d98bd7c6bc885991dfcd3cfef9125930b7e7f6e1047d7a716050f4d91adf60761731baf66f641ef076281d6ee06039cb60560eccdfec14e9aa54ab6e40253747fa4af11dd92617374629981aed486b2d3bc5c36ff95a74b59cebf75ae586006368028eaaf8d02501027b839aedf4020ff0d4e27fa43bce65b26f1155bbd303918a87d8c9e560aa25967bce17269e5348482747eb1d1a2f952563fc07e61d3db2a4626d60a692a3e7f6091e08c9b3d867fecc09cbbc00cf222036e4e67d34b6ca29cf8669a1ea7aa793a469c7604a093d15b9e4f837f21100e15432b8b89e8938c12efd3cac38c936e1f552922d88ce89584b7720f5ace64d1e4fc4d50c837845b25702025c3e1cad16925d1c8bfd942856be14cc3f422d33f3e9c67e8e7a518534d9f07645da39f7017e814664294fc3362bacf65dbf29bf0bdc664601adc1153a0655c63b322c576256a51159b6455f59342aa8322cd7f6142fcf528f6108c87479dd50b057d2fbf562ce24fd584afd7759be252f441d6a5ea2758e4ba8036a3323e114c05e27f44faabc7386aaae19ddd8d1dd7f4dfc057bebc803d188fc9115c2c4b25252a4bae16ab49f1f6f2886cb503b3283bb8e55ba20aca6832702239cf998f4b4703fe9319de4dfd1985796b949825bad0ca9064b1989ee8b7ec2d36a183dad1cbbaadab0a04b2ddbfb0c71ccc6e7a359e1fe62b238abe3c75cf72bca80ab2e6eeccb345991e9d430e7e487a74b33f1f720a064f701a540e230b67c115a243e4a9f79a0bb7aa253d7220591b51f83e3028e7a49c09071b7b5fa7d2f339bbf5c286c74d284a2aab01f457a37fd2b68e3bb1a37e0f008c8a736630ee3fd148ae4d609a0d07942b6a84aaa21f4defa83929a8f6f1484a74c1bbcdf78ac8aadfd3f96a662002d91d5293d4a90a483aa7b18cb33d863a02aacf86a4cc53a1f2491b7a614645d423bbf5c6fe2de6fc3e36001b6379ca9174a5fb0e84aaf6882f41d665b9b633c9bf80f3b6df516c4548a1e386a92d544322e5f211448fe6eaa6fb09f0f1738becfac1ca916a88a2f023a10ed404918af97d2c1761ebd3769e8ae533747ec4d701390e2d7517119d891babc447a97cee0681922e39007f4fbb9b545dabf105bea3755ff316f5ef9d920842b4e26b315d2177106376de56578abbf021c9bd12b4f99debaf142bce7ff53bb87967e217462816b3721d7ce0de4c183bd6a58ad6afc8b05f8375b84ab6d56bb303266b24e303429a70025607a9da2fee8f4c53d0cf7670207fba8fe28d50824c39cb27fc7b0a2930c3ffc8924da194dbb15c811dc2aee7fb10ad91d6b191f74817d7a3923442f6f116fb042910508233926cbf1d6b1f3a0c29d6a531f4dd06fb1183e8f48ab5098ea34b9ff7474016183056400c8883931a6ceb8c4b41ee1f4cdfe7d6766b8e7232b913d71e41dc02538f736a79606852fae5bdcac939c0a9a502626f9fc4e869014a4eefdf7ffacd7f691565bef70fc1fb50ee11539a0489a305662894a76c8fd2e5e3793d7fbc731db511ff73349cce6fb61845354add8dcd469432ff6d6698284c0021681aff2479818ebf7e64c26951dd031422077880b31c5e10dec3d6b984e40a844df419d19d55942be740c81ad82f3ebbe4a3dd916280d4f326c157d457aad2f0682a6c25099f7e05c141122d5f055cce7f62b26c90a8c09ec6f14afeb467f5b430803b0d770049cd7a81f901a734bdd75f5d9550fcdc5868f38a0a12b501745968b2c0dc6fadb8ab586ef32405f2db9aac0ecc0e89a829efb44dd7f0ca29cd7e0c5bc04ffb6a85ae3247248c2292c4c00dfa72d6811b9c488ab32d8a57f670541e0bbb238df99e2f3bb54809d117a21590caa516b4e0c02e7281e68693c0398b78f083b64bdc7ae678114608fb9ebacf196b6c8e6c3b2d0a8635e41079de3ef9e3cfffedfb5ef7289dfcc3d67bab6e29c2749f41b6355d62659cea73042bc8054f61a1acf437e910f11041ea5832977a24929d84f83f98908d7d24c3db3e458e920aa0c109dc9782714ee1345785fdf3c2ebfd6db2f626748a085df2a1dd61abb71e764ec13bff43822a53e442bda0783cd3dd5989bd7303e783ebc96af19a3ab6f91e8daf94a5bbe72305519e1d7db5bb1ba2df255a41797f36a8b757d70b71765718ca39075f7afc5deb249da3512d9476079e2a7bc1d5d66770e4c463b5fd7cd93a8bd35a07c5e9de3677982367ddc70faa0fabd00e2ae06be0d559c014d0e54577206140ed601181d71d3934f6ef02f1eb9fcf020bb9f93495f5e386c5899d1e44952dd2e9b1171b087c6dcc37e359add4f7170c15968cf99f4768cb3ecce793a3e5651a790a4a8561add5b52da7bc7fc4fa53bb0efd25a2be4ea1ae89c0b91bc5cea521a31e8e3332ba77d80cc37c42bb197626ae2b01aaa88d3e3cfb17fb882b0c36352ee12e91d945273f3c8c514d2e6fec8c1890da7af98709857cf788d16ed9a8b10731d521c93f3a8f4731a5578a334dc731102f8171b13774e786b976332124ca27afb0947da6cae1f2e75d39b0be68735a93d3c44052fb7bf977b4bcce8ba1e7fd43d65a280197235364381fd6256c59206f9fea98042a49670d905f3255e2e6a957d1648ad8e9a2caf7b0f77038fdd0507e169f664914b0504297aa2ae3f6f52f570e84df480c3b55d2fe77cb284f91bca7e9d164f5577250eac0b67edb7dffd6bd8504bb27a3dd269a457979c622b9280f2c604eeef7f9776e8042cbb6728e19ffd35238c2dced21a76f4306853f49a0c3103d080e400000000000000000000000000000000000000000000000000000000000000000000000000000000000000000000000000045584946ba00000045786966000049492a000800000006001201030001000000010000001a01050001000000560000001b010500010000005e0000002801030001000000020000001302030001000000010000006987040001000000660000000000000048000000010000004800000001000000060000900700040000003032313001910700040000000102030000a00700040000003031303001a0030001000000ffff000002a00400010000002003000003a00400010000005802000000000000);

-- --------------------------------------------------------

--
-- Estructura de tabla para la tabla `expedientes_medicos`
--

CREATE TABLE `expedientes_medicos` (
  `id_expediente` int NOT NULL,
  `id_paciente` int DEFAULT NULL,
  `historial_medico` text,
  `alergias` text,
  `medicamentos_actuales` text,
  `antecedentes_familiares` text,
  `otras_notas` text
) ENGINE=InnoDB DEFAULT CHARSET=utf8mb4 COLLATE=utf8mb4_0900_ai_ci;

--
-- Volcado de datos para la tabla `expedientes_medicos`
--

INSERT INTO `expedientes_medicos` (`id_expediente`, `id_paciente`, `historial_medico`, `alergias`, `medicamentos_actuales`, `antecedentes_familiares`, `otras_notas`) VALUES
(1, 1, 'Historial médico del paciente 1', 'Alergia a la penicilina', 'Ibuprofeno', 'Diabetes en la familia', 'Nota adicional 1'),
(2, 2, 'Historial médico del paciente 2', 'Alergia al polen', 'Loratadina', 'Hipertensión en la familia', 'Nota adicional 2'),
(3, 3, 'Historial médico del paciente 3', 'Alergia a los mariscos', 'Paracetamol', 'Cáncer en la familia', 'Nota adicional 3'),
(4, 4, 'Historial médico del paciente 4', 'No tiene alergias conocidas', 'Ninguno', 'Enfermedad cardíaca en la familia', 'Nota adicional 4'),
(5, 5, 'Historial médico del paciente 5', 'Alergia al gluten', 'Metformina', 'Obesidad en la familia', 'Tiene mas alergias');

-- --------------------------------------------------------

--
-- Estructura de tabla para la tabla `facturas`
--

CREATE TABLE `facturas` (
  `id_factura` int NOT NULL,
  `id_paciente` int DEFAULT NULL,
  `fecha_emision` datetime DEFAULT NULL,
  `total` decimal(10,2) DEFAULT '0.00',
  `pagada` tinyint(1) DEFAULT '0'
) ENGINE=InnoDB DEFAULT CHARSET=utf8mb4 COLLATE=utf8mb4_0900_ai_ci;

--
-- Volcado de datos para la tabla `facturas`
--

INSERT INTO `facturas` (`id_factura`, `id_paciente`, `fecha_emision`, `total`, `pagada`) VALUES
(1, 1, '2024-07-01 10:00:00', 150.00, 1),
(2, 2, '2024-07-02 11:30:00', 200.50, 0),
(3, 3, '2024-07-03 09:45:00', 320.75, 1),
(4, 4, '2024-07-04 14:15:00', 180.25, 0),
(5, 5, '2024-07-05 08:00:00', 500.00, 0);

-- --------------------------------------------------------

--
-- Estructura de tabla para la tabla `habitaciones`
--

CREATE TABLE `habitaciones` (
  `id_habitacion` int NOT NULL,
  `numero` int DEFAULT NULL,
  `tipo` varchar(50) DEFAULT NULL,
  `estado` varchar(50) DEFAULT NULL,
  `costo` decimal(10,2) DEFAULT NULL,
  `id_area` int DEFAULT NULL
) ENGINE=InnoDB DEFAULT CHARSET=utf8mb4 COLLATE=utf8mb4_0900_ai_ci;

--
-- Volcado de datos para la tabla `habitaciones`
--

INSERT INTO `habitaciones` (`id_habitacion`, `numero`, `tipo`, `estado`, `costo`, `id_area`) VALUES
(1, 101, 'Individual', 'Disponible', 150.00, 1),
(2, 102, 'Doble', 'Ocupado', 200.00, 2),
(3, 103, 'Individual', 'Disponible', 150.00, 3),
(4, 104, 'Suite', 'Disponible', 300.00, 4),
(5, 105, 'Doble', 'Mantenimiento', 200.00, 5),
(7, 100, 'Espera', 'Disponible', 50.00, 11);

-- --------------------------------------------------------

--
-- Estructura de tabla para la tabla `medicamentos`
--

CREATE TABLE `medicamentos` (
  `id_medicamento` int NOT NULL,
  `nombre` varchar(100) DEFAULT NULL,
  `descripcion` text,
  `stock` int DEFAULT NULL,
  `precio` decimal(10,2) DEFAULT NULL,
  `fecha_caducidad` date DEFAULT NULL
) ENGINE=InnoDB DEFAULT CHARSET=utf8mb4 COLLATE=utf8mb4_0900_ai_ci;

--
-- Volcado de datos para la tabla `medicamentos`
--

INSERT INTO `medicamentos` (`id_medicamento`, `nombre`, `descripcion`, `stock`, `precio`, `fecha_caducidad`) VALUES
(1, 'Paracetamol', 'Analgesico y antifebril', 100, 10.50, '2025-12-31'),
(2, 'Amoxicilina', 'Antibiótico de amplio espectro', 50, 15.75, '2024-10-15'),
(3, 'Omeprazol', 'Inhibidor de la bomba de protones', 80, 8.20, '2024-07-03'),
(4, 'Loratadina', 'Antihistamínico para alergias', 120, 5.30, '2024-05-10'),
(5, 'Ibuprofeno', 'Antiinflamatorio no esteroideo', 90, 7.80, '2023-11-30'),
(6, 'Metformina', 'Antidiabético oral', 60, 12.00, '2024-09-20'),
(7, 'Simvastatina', 'Reductor de colesterol', 70, 14.60, '2023-07-15'),
(8, 'Amlodipino', 'Antagonista del calcio para la presión arterial', 40, 9.90, '2024-03-12');

-- --------------------------------------------------------

--
-- Estructura de tabla para la tabla `pacientes`
--

CREATE TABLE `pacientes` (
  `id_paciente` int NOT NULL,
  `nombre` varchar(100) DEFAULT NULL,
  `apellido` varchar(100) DEFAULT NULL,
  `fecha_nacimiento` date DEFAULT NULL,
  `direccion` varchar(255) DEFAULT NULL,
  `telefono` varchar(20) DEFAULT NULL,
  `id_cama` int DEFAULT NULL,
  `CURP` varchar(18) NOT NULL,
  `contraseña` varchar(64) NOT NULL
) ENGINE=InnoDB DEFAULT CHARSET=utf8mb4 COLLATE=utf8mb4_0900_ai_ci;

--
-- Volcado de datos para la tabla `pacientes`
--

INSERT INTO `pacientes` (`id_paciente`, `nombre`, `apellido`, `fecha_nacimiento`, `direccion`, `telefono`, `id_cama`, `CURP`, `contraseña`) VALUES
(1, 'Juan', 'Perez', '1980-05-15', 'Calle Falsa 123', '555-1234', 1, 'PELJ800515BTYJUOK8', 'f7c3bc1d808e04732adf679965ccc34ca7ae3441'),
(2, 'Maria', 'Gonzalez', '1990-08-22', 'Avenida Siempre Viva 456', '555-5678', 3, 'GOPM900822MKLPTGY9', 'JVR5Y87UO0'),
(3, 'Carlos', 'Ramirez', '1975-11-30', 'Boulevard de los Sueños 789', '555-9876', 5, 'RATC751130LOPBTXR4', 'AYH09IPLJA588'),
(4, 'Ana', 'Martinez', '1985-03-10', 'Plaza de la Libertad 101', '555-4321', 7, 'MAQA850310ATVRIKN7', 'ALP0*92+KIJ'),
(5, 'Luis', 'Hernandez', '2000-12-25', 'Vasco de Quiroga 6', '555-2468', 9, 'HEUL001225JHRFYIO7', 'AY7JOD0K9SJ');

-- --------------------------------------------------------

--
-- Estructura de tabla para la tabla `personal`
--

CREATE TABLE `personal` (
  `id_personal` int NOT NULL,
  `nombre` varchar(100) DEFAULT NULL,
  `apellido` varchar(100) DEFAULT NULL,
  `tipo_personal` varchar(50) DEFAULT NULL,
  `especialidad` varchar(100) DEFAULT NULL,
  `Correo` varchar(50) DEFAULT NULL,
  `Contraseña` varchar(255) CHARACTER SET utf8mb4 COLLATE utf8mb4_0900_ai_ci DEFAULT NULL,
  `telefono` varchar(20) DEFAULT NULL
) ENGINE=InnoDB DEFAULT CHARSET=utf8mb4 COLLATE=utf8mb4_0900_ai_ci;

--
-- Volcado de datos para la tabla `personal`
--

INSERT INTO `personal` (`id_personal`, `nombre`, `apellido`, `tipo_personal`, `especialidad`, `Correo`, `Contraseña`, `telefono`) VALUES
(1, 'DR. Roberto', 'Lopez', 'Médico', 'Medico Jefe', 'betos70700@gmail.com', 'f9a7c22b60fc1092aaea00d903b3508909e062f4', '123-456-7890'),
(2, 'Claria', 'Garcia', 'Enfermera', 'Cuidados Intensivos', 'Clarisa@example.com', 'f7c3bc1d808e04732adf679965ccc34ca7ae3441', '987-654-3210'),
(3, 'Brayan', 'Lopez', 'Médico', 'Pediatría', 'Brayan@example.com', 'f7c3bc1d808e04732adf679965ccc34ca7ae3441', '555-123-4567'),
(4, 'Sofi', 'Hernández', 'Enfermera', 'Medicina Interna', 'Sofi@example.com', 'f7c3bc1d808e04732adf679965ccc34ca7ae3441', '111-111-111'),
(5, 'Carlos', 'Rodríguez', 'Médico', 'Anestesiología', 'Carlos@example.com', 'f7c3bc1d808e04732adf679965ccc34ca7ae3441', '222-222-222'),
(6, 'Martinoli', 'Saguito', 'Enfermero', 'Comentarista', 'Martinoli@example.com', 'f7c3bc1d808e04732adf679965ccc34ca7ae3441', '111-111-111'),
(8, 'Jose', 'López Olalde', 'Enfermero', 'Cardeologia', 'Martinoli@example.com', '01b307acba4f54f55aafc33bb06bbbf6ca803e9a', '4452151481'),
(9, 'Martina', 'Lopez', 'Médico', 'Cardiología', 'martina@example.com', 'f9a7c22b60fc1092aaea00d903b3508909e062f4', '123-456-7890'),
(12, 'Almancen', 'López Olalde', 'Enfermero', 'Cardeologia', 'Martinoli@example.com', 'f7c3bc1d808e04732adf679965ccc34ca7ae3441', '4452151481');

-- --------------------------------------------------------

--
-- Estructura de tabla para la tabla `recetas_medicas`
--

CREATE TABLE `recetas_medicas` (
  `id_receta` int NOT NULL,
  `id_paciente` int DEFAULT NULL,
  `id_personal` int DEFAULT NULL,
  `fecha_emision` datetime DEFAULT NULL,
  `observaciones` text
) ENGINE=InnoDB DEFAULT CHARSET=utf8mb4 COLLATE=utf8mb4_0900_ai_ci;

--
-- Volcado de datos para la tabla `recetas_medicas`
--

INSERT INTO `recetas_medicas` (`id_receta`, `id_paciente`, `id_personal`, `fecha_emision`, `observaciones`) VALUES
(1, 2, 8, '2024-07-01 10:00:00', 'Tomar medicamento X cada 8 horas por 5 días'),
(2, 1, 12, '2024-06-30 10:00:00', 'Tomar medicamento cada 8 horas durante 7 días.'),
(3, 2, 3, '2024-06-30 11:15:00', 'Aplicar crema en la zona afectada dos veces al día.'),
(4, 3, 2, '2024-06-30 12:30:00', 'Tomar una pastilla después de cada comida principal.'),
(5, 4, 4, '2024-06-30 14:00:00', 'Ingerir una cápsula diaria en la mañana.'),
(6, 5, 5, '2024-06-30 15:45:00', 'Aplicar gotas en el ojo afectado cada 4 horas.');

-- --------------------------------------------------------

--
-- Estructura de tabla para la tabla `receta_medicamento`
--

CREATE TABLE `receta_medicamento` (
  `id_receta_medicamento` int NOT NULL,
  `id_receta` int DEFAULT NULL,
  `id_medicamento` int DEFAULT NULL,
  `dosis` varchar(50) DEFAULT NULL
) ENGINE=InnoDB DEFAULT CHARSET=utf8mb4 COLLATE=utf8mb4_0900_ai_ci;

--
-- Volcado de datos para la tabla `receta_medicamento`
--

INSERT INTO `receta_medicamento` (`id_receta_medicamento`, `id_receta`, `id_medicamento`, `dosis`) VALUES
(1, 1, 1, '1 tableta cada 8 horas'),
(2, 6, 2, '20 ml cada 12 horas'),
(3, 2, 3, 'Aplicar en la zona afectada 2 veces al día'),
(4, 3, 4, '1 cápsula después de cada comida principal'),
(5, 4, 5, '1 comprimido diario'),
(6, 5, 6, '2 gotas en el ojo afectado cada 4 horas');

--
-- Índices para tablas volcadas
--

--
-- Indices de la tabla `areas`
--
ALTER TABLE `areas`
  ADD PRIMARY KEY (`id_area`);

--
-- Indices de la tabla `camas`
--
ALTER TABLE `camas`
  ADD PRIMARY KEY (`id_cama`),
  ADD KEY `id_habitacion` (`id_habitacion`);

--
-- Indices de la tabla `citas`
--
ALTER TABLE `citas`
  ADD PRIMARY KEY (`id_cita`),
  ADD KEY `id_paciente` (`id_paciente`),
  ADD KEY `id_personal` (`id_personal`);

--
-- Indices de la tabla `detalle_factura`
--
ALTER TABLE `detalle_factura`
  ADD PRIMARY KEY (`id_detalle`),
  ADD KEY `id_factura` (`id_factura`);

--
-- Indices de la tabla `equipos_medicos`
--
ALTER TABLE `equipos_medicos`
  ADD PRIMARY KEY (`id_equipo`),
  ADD KEY `id_habitacion` (`id_habitacion`);

--
-- Indices de la tabla `expedientes_medicos`
--
ALTER TABLE `expedientes_medicos`
  ADD PRIMARY KEY (`id_expediente`),
  ADD KEY `id_paciente` (`id_paciente`);

--
-- Indices de la tabla `facturas`
--
ALTER TABLE `facturas`
  ADD PRIMARY KEY (`id_factura`),
  ADD KEY `id_paciente` (`id_paciente`);

--
-- Indices de la tabla `habitaciones`
--
ALTER TABLE `habitaciones`
  ADD PRIMARY KEY (`id_habitacion`),
  ADD KEY `id_area` (`id_area`);

--
-- Indices de la tabla `medicamentos`
--
ALTER TABLE `medicamentos`
  ADD PRIMARY KEY (`id_medicamento`);

--
-- Indices de la tabla `pacientes`
--
ALTER TABLE `pacientes`
  ADD PRIMARY KEY (`id_paciente`),
  ADD KEY `id_cama` (`id_cama`);

--
-- Indices de la tabla `personal`
--
ALTER TABLE `personal`
  ADD PRIMARY KEY (`id_personal`);

--
-- Indices de la tabla `recetas_medicas`
--
ALTER TABLE `recetas_medicas`
  ADD PRIMARY KEY (`id_receta`),
  ADD KEY `id_paciente` (`id_paciente`),
  ADD KEY `id_personal` (`id_personal`);

--
-- Indices de la tabla `receta_medicamento`
--
ALTER TABLE `receta_medicamento`
  ADD PRIMARY KEY (`id_receta_medicamento`),
  ADD KEY `id_receta` (`id_receta`),
  ADD KEY `id_medicamento` (`id_medicamento`);

--
-- AUTO_INCREMENT de las tablas volcadas
--

--
-- AUTO_INCREMENT de la tabla `areas`
--
ALTER TABLE `areas`
  MODIFY `id_area` int NOT NULL AUTO_INCREMENT, AUTO_INCREMENT=12;

--
-- AUTO_INCREMENT de la tabla `camas`
--
ALTER TABLE `camas`
  MODIFY `id_cama` int NOT NULL AUTO_INCREMENT, AUTO_INCREMENT=11;

--
-- AUTO_INCREMENT de la tabla `citas`
--
ALTER TABLE `citas`
  MODIFY `id_cita` int NOT NULL AUTO_INCREMENT, AUTO_INCREMENT=6;

--
-- AUTO_INCREMENT de la tabla `detalle_factura`
--
ALTER TABLE `detalle_factura`
  MODIFY `id_detalle` int NOT NULL AUTO_INCREMENT, AUTO_INCREMENT=13;

--
-- AUTO_INCREMENT de la tabla `equipos_medicos`
--
ALTER TABLE `equipos_medicos`
  MODIFY `id_equipo` int NOT NULL AUTO_INCREMENT, AUTO_INCREMENT=7;

--
-- AUTO_INCREMENT de la tabla `expedientes_medicos`
--
ALTER TABLE `expedientes_medicos`
  MODIFY `id_expediente` int NOT NULL AUTO_INCREMENT, AUTO_INCREMENT=6;

--
-- AUTO_INCREMENT de la tabla `facturas`
--
ALTER TABLE `facturas`
  MODIFY `id_factura` int NOT NULL AUTO_INCREMENT, AUTO_INCREMENT=6;

--
-- AUTO_INCREMENT de la tabla `habitaciones`
--
ALTER TABLE `habitaciones`
  MODIFY `id_habitacion` int NOT NULL AUTO_INCREMENT, AUTO_INCREMENT=8;

--
-- AUTO_INCREMENT de la tabla `medicamentos`
--
ALTER TABLE `medicamentos`
  MODIFY `id_medicamento` int NOT NULL AUTO_INCREMENT, AUTO_INCREMENT=9;

--
-- AUTO_INCREMENT de la tabla `pacientes`
--
ALTER TABLE `pacientes`
  MODIFY `id_paciente` int NOT NULL AUTO_INCREMENT, AUTO_INCREMENT=6;

--
-- AUTO_INCREMENT de la tabla `personal`
--
ALTER TABLE `personal`
  MODIFY `id_personal` int NOT NULL AUTO_INCREMENT, AUTO_INCREMENT=13;

--
-- AUTO_INCREMENT de la tabla `recetas_medicas`
--
ALTER TABLE `recetas_medicas`
  MODIFY `id_receta` int NOT NULL AUTO_INCREMENT, AUTO_INCREMENT=7;

--
-- AUTO_INCREMENT de la tabla `receta_medicamento`
--
ALTER TABLE `receta_medicamento`
  MODIFY `id_receta_medicamento` int NOT NULL AUTO_INCREMENT, AUTO_INCREMENT=7;

--
-- Restricciones para tablas volcadas
--

--
-- Filtros para la tabla `camas`
--
ALTER TABLE `camas`
  ADD CONSTRAINT `camas_ibfk_1` FOREIGN KEY (`id_habitacion`) REFERENCES `habitaciones` (`id_habitacion`);

--
-- Filtros para la tabla `citas`
--
ALTER TABLE `citas`
  ADD CONSTRAINT `citas_ibfk_1` FOREIGN KEY (`id_paciente`) REFERENCES `pacientes` (`id_paciente`),
  ADD CONSTRAINT `citas_ibfk_2` FOREIGN KEY (`id_personal`) REFERENCES `personal` (`id_personal`);

--
-- Filtros para la tabla `detalle_factura`
--
ALTER TABLE `detalle_factura`
  ADD CONSTRAINT `detalle_factura_ibfk_1` FOREIGN KEY (`id_factura`) REFERENCES `facturas` (`id_factura`);

--
-- Filtros para la tabla `equipos_medicos`
--
ALTER TABLE `equipos_medicos`
  ADD CONSTRAINT `equipos_medicos_ibfk_1` FOREIGN KEY (`id_habitacion`) REFERENCES `habitaciones` (`id_habitacion`);

--
-- Filtros para la tabla `expedientes_medicos`
--
ALTER TABLE `expedientes_medicos`
  ADD CONSTRAINT `expedientes_medicos_ibfk_1` FOREIGN KEY (`id_paciente`) REFERENCES `pacientes` (`id_paciente`);

--
-- Filtros para la tabla `facturas`
--
ALTER TABLE `facturas`
  ADD CONSTRAINT `facturas_ibfk_1` FOREIGN KEY (`id_paciente`) REFERENCES `pacientes` (`id_paciente`);

--
-- Filtros para la tabla `habitaciones`
--
ALTER TABLE `habitaciones`
  ADD CONSTRAINT `habitaciones_ibfk_1` FOREIGN KEY (`id_area`) REFERENCES `areas` (`id_area`);

--
-- Filtros para la tabla `pacientes`
--
ALTER TABLE `pacientes`
  ADD CONSTRAINT `pacientes_ibfk_1` FOREIGN KEY (`id_cama`) REFERENCES `camas` (`id_cama`);

--
-- Filtros para la tabla `recetas_medicas`
--
ALTER TABLE `recetas_medicas`
  ADD CONSTRAINT `recetas_medicas_ibfk_1` FOREIGN KEY (`id_paciente`) REFERENCES `pacientes` (`id_paciente`),
  ADD CONSTRAINT `recetas_medicas_ibfk_2` FOREIGN KEY (`id_personal`) REFERENCES `personal` (`id_personal`);

--
-- Filtros para la tabla `receta_medicamento`
--
ALTER TABLE `receta_medicamento`
  ADD CONSTRAINT `receta_medicamento_ibfk_1` FOREIGN KEY (`id_receta`) REFERENCES `recetas_medicas` (`id_receta`),
  ADD CONSTRAINT `receta_medicamento_ibfk_2` FOREIGN KEY (`id_medicamento`) REFERENCES `medicamentos` (`id_medicamento`);
COMMIT;

/*!40101 SET CHARACTER_SET_CLIENT=@OLD_CHARACTER_SET_CLIENT */;
/*!40101 SET CHARACTER_SET_RESULTS=@OLD_CHARACTER_SET_RESULTS */;
/*!40101 SET COLLATION_CONNECTION=@OLD_COLLATION_CONNECTION */;
